--Добавление блоков зачета удержанного НДФЛ
/*Status*/

DECLARE
BEGIN
  INSERT INTO DOPRSTKND_DBT(T_STATUSKINDID,T_CODE,T_NAME,T_DOCKIND,T_SORT,T_ELIMINATED)
  VALUES(1106,'ЗАЧ','Зачет удержанного НДФЛ',110,0,CHR(0));


  INSERT INTO DOPRSTVAL_DBT(T_STATUSKINDID,T_NUMVALUE,T_NAME,T_ELIMINATED)
  VALUES(1106,1,'Выполнить',CHR(0));

  INSERT INTO DOPRSTVAL_DBT(T_STATUSKINDID,T_NUMVALUE,T_NAME,T_ELIMINATED)
  VALUES(1106,2,'Завершить',CHR(0));


EXCEPTION 
   WHEN DUP_VAL_ON_INDEX THEN NULL;

END;
/

DECLARE
BEGIN
  INSERT INTO DOPRSTKND_DBT(T_STATUSKINDID,T_CODE,T_NAME,T_DOCKIND,T_SORT,T_ELIMINATED)
  VALUES(460713,'ЗАЧ','Зачет удержанного НДФЛ',4607,0,CHR(0));


  INSERT INTO DOPRSTVAL_DBT(T_STATUSKINDID,T_NUMVALUE,T_NAME,T_ELIMINATED)
  VALUES(460713,1,'Выполнить',CHR(0));

  INSERT INTO DOPRSTVAL_DBT(T_STATUSKINDID,T_NUMVALUE,T_NAME,T_ELIMINATED)
  VALUES(460713,2,'Завершить',CHR(0));


EXCEPTION 
   WHEN DUP_VAL_ON_INDEX THEN NULL;

END;
/

DECLARE
BEGIN

  INSERT INTO DOPRSTVAL_DBT(T_STATUSKINDID,T_NUMVALUE,T_NAME,T_ELIMINATED)
  VALUES(46081,12,'Зачет удержанного НДФЛ',CHR(0));

EXCEPTION 
   WHEN DUP_VAL_ON_INDEX THEN NULL;

END;
/

DECLARE
BEGIN

  INSERT INTO DOPRSTVAL_DBT(T_STATUSKINDID,T_NUMVALUE,T_NAME,T_ELIMINATED)
  VALUES(46461,6,'Зачет удержанного НДФЛ',CHR(0));

EXCEPTION 
   WHEN DUP_VAL_ON_INDEX THEN NULL;

END;
/


/*Blocks*/

DECLARE
BEGIN
  INSERT INTO DOPRBLOCK_DBT(T_BLOCKID,T_NAME,T_DOCKIND,T_PARENT,T_UPGRADE,T_VERSION,T_VERSIONWEB)
  VALUES(203711,'Зачет удержанного НДФЛ',4607,0,CHR(0),CHR(1),0);

EXCEPTION 
   WHEN DUP_VAL_ON_INDEX THEN NULL;

END;
/

DECLARE
BEGIN
  INSERT INTO DOPRBLOCK_DBT(T_BLOCKID,T_NAME,T_DOCKIND,T_PARENT,T_UPGRADE,T_VERSION,T_VERSIONWEB)
  VALUES(203809,'Зачет удержанного НДФЛ',4608,0,CHR(0),CHR(1),0);

EXCEPTION 
   WHEN DUP_VAL_ON_INDEX THEN NULL;

END;
/

DECLARE
BEGIN
  INSERT INTO DOPRBLOCK_DBT(T_BLOCKID,T_NAME,T_DOCKIND,T_PARENT,T_UPGRADE,T_VERSION,T_VERSIONWEB)
  VALUES(204303,'Зачет удержанного НДФЛ',4646,0,CHR(0),CHR(1),0);

EXCEPTION 
   WHEN DUP_VAL_ON_INDEX THEN NULL;

END;
/

DECLARE
BEGIN
  INSERT INTO DOPRBLOCK_DBT(T_BLOCKID,T_NAME,T_DOCKIND,T_PARENT,T_UPGRADE,T_VERSION,T_VERSIONWEB)
  VALUES(490406,'Зачет удержанного НДФЛ',110,0,CHR(0),CHR(1),0);

EXCEPTION 
   WHEN DUP_VAL_ON_INDEX THEN NULL;

END;
/

DECLARE
BEGIN
  INSERT INTO DOPRBLOCK_DBT(T_BLOCKID,T_NAME,T_DOCKIND,T_PARENT,T_UPGRADE,T_VERSION,T_VERSIONWEB)
  VALUES(491806,'Зачет удержанного НДФЛ',110,0,CHR(0),CHR(1),0);

EXCEPTION 
   WHEN DUP_VAL_ON_INDEX THEN NULL;

END;
/

DECLARE
BEGIN
  INSERT INTO DOPRBLOCK_DBT(T_BLOCKID,T_NAME,T_DOCKIND,T_PARENT,T_UPGRADE,T_VERSION,T_VERSIONWEB)
  VALUES(493305,'Зачет удержанного НДФЛ',110,0,CHR(0),CHR(1),0);

EXCEPTION 
   WHEN DUP_VAL_ON_INDEX THEN NULL;

END;
/

DECLARE
BEGIN
  INSERT INTO DOPRBLOCK_DBT(T_BLOCKID,T_NAME,T_DOCKIND,T_PARENT,T_UPGRADE,T_VERSION,T_VERSIONWEB)
  VALUES(1490406,'Зачет удержанного НДФЛ',110,0,CHR(0),CHR(1),0);

EXCEPTION 
   WHEN DUP_VAL_ON_INDEX THEN NULL;

END;
/

DECLARE
BEGIN
  INSERT INTO DOPRBLOCK_DBT(T_BLOCKID,T_NAME,T_DOCKIND,T_PARENT,T_UPGRADE,T_VERSION,T_VERSIONWEB)
  VALUES(1491806,'Зачет удержанного НДФЛ',110,0,CHR(0),CHR(1),0);

EXCEPTION 
   WHEN DUP_VAL_ON_INDEX THEN NULL;

END;
/

DECLARE
BEGIN
  INSERT INTO DOPRBLOCK_DBT(T_BLOCKID,T_NAME,T_DOCKIND,T_PARENT,T_UPGRADE,T_VERSION,T_VERSIONWEB)
  VALUES(1493305,'Зачет удержанного НДФЛ',110,0,CHR(0),CHR(1),0);

EXCEPTION 
   WHEN DUP_VAL_ON_INDEX THEN NULL;

END;
/

/*Steps*/

DECLARE
BEGIN
  INSERT INTO DOPROSTEP_DBT(T_BLOCKID,T_NUMBER_STEP,T_KIND_ACTION,T_DAYOFFSET,T_SCALE,T_DAYFLAG,T_CALENDARID,T_SYMBOL,T_PREVIOUS_STEP,T_MODIFICATION,
                            T_CARRY_MACRO,T_PRINT_MACRO,T_POST_MACRO,T_NOTINUSE,T_FIRSTSTEP,T_NAME,T_DATEKINDID,T_REV,T_AUTOEXECUTESTEP,T_ONLYHANDCARRY,
                            T_ISALLOWFOROPER,T_OPERORGROUP,T_RESTRICTEARLYEXECUTION,T_USERTYPES,T_INITDATEKINDID,T_ASKFORDATE,T_BACKOUT,T_ISBACKOUTGROUP,
                            T_MASSEXECUTEMODE,T_ISCASE,T_ISDISTAFFEXECUTE,T_SKIPINITAFTERPLANDATE,T_MASSPACKSIZE)
  VALUES(203711,302,1,0,0,CHR(0),0,CHR(0),0,0,'nptxwrt0302.mac',CHR(1),CHR(1),CHR(0),CHR(0),'Зачет удержанного НДФЛ',460700000,CHR(0),'X',CHR(0),0,CHR(0),'X',CHR(1),0,CHR(0),0,CHR(0),0,CHR(0),CHR(0),'X',0);

EXCEPTION 
   WHEN DUP_VAL_ON_INDEX THEN NULL;
END;
/


DECLARE
BEGIN
  INSERT INTO DOPROSTEP_DBT(T_BLOCKID,T_NUMBER_STEP,T_KIND_ACTION,T_DAYOFFSET,T_SCALE,T_DAYFLAG,T_CALENDARID,T_SYMBOL,T_PREVIOUS_STEP,T_MODIFICATION,
                            T_CARRY_MACRO,T_PRINT_MACRO,T_POST_MACRO,T_NOTINUSE,T_FIRSTSTEP,T_NAME,T_DATEKINDID,T_REV,T_AUTOEXECUTESTEP,T_ONLYHANDCARRY,
                            T_ISALLOWFOROPER,T_OPERORGROUP,T_RESTRICTEARLYEXECUTION,T_USERTYPES,T_INITDATEKINDID,T_ASKFORDATE,T_BACKOUT,T_ISBACKOUTGROUP,
                            T_MASSEXECUTEMODE,T_ISCASE,T_ISDISTAFFEXECUTE,T_SKIPINITAFTERPLANDATE,T_MASSPACKSIZE)
  VALUES(203809,13,1,0,0,CHR(0),0,CHR(0),0,0,'nptxhold013.mac',CHR(1),CHR(1),CHR(0),CHR(0),'Зачет удержанного НДФЛ',460800000,CHR(0),'X',CHR(0),0,CHR(0),'X',CHR(1),0,CHR(0),0,CHR(0),0,CHR(0),CHR(0),'X',0);

EXCEPTION 
   WHEN DUP_VAL_ON_INDEX THEN NULL;
END;
/


DECLARE
BEGIN
  INSERT INTO DOPROSTEP_DBT(T_BLOCKID,T_NUMBER_STEP,T_KIND_ACTION,T_DAYOFFSET,T_SCALE,T_DAYFLAG,T_CALENDARID,T_SYMBOL,T_PREVIOUS_STEP,T_MODIFICATION,
                            T_CARRY_MACRO,T_PRINT_MACRO,T_POST_MACRO,T_NOTINUSE,T_FIRSTSTEP,T_NAME,T_DATEKINDID,T_REV,T_AUTOEXECUTESTEP,T_ONLYHANDCARRY,
                            T_ISALLOWFOROPER,T_OPERORGROUP,T_RESTRICTEARLYEXECUTION,T_USERTYPES,T_INITDATEKINDID,T_ASKFORDATE,T_BACKOUT,T_ISBACKOUTGROUP,
                            T_MASSEXECUTEMODE,T_ISCASE,T_ISDISTAFFEXECUTE,T_SKIPINITAFTERPLANDATE,T_MASSPACKSIZE)
  VALUES(204303,30,1,0,0,CHR(0),0,CHR(0),0,0,'nptxrectb030.mac',CHR(1),CHR(1),CHR(0),CHR(0),'Зачет удержанного НДФЛ',464600000,CHR(0),'X',CHR(0),0,CHR(0),'X',CHR(1),0,CHR(0),0,CHR(0),0,CHR(0),CHR(0),'X',0);

EXCEPTION 
   WHEN DUP_VAL_ON_INDEX THEN NULL;
END;
/

DECLARE
BEGIN
  INSERT INTO DOPROSTEP_DBT(T_BLOCKID,T_NUMBER_STEP,T_KIND_ACTION,T_DAYOFFSET,T_SCALE,T_DAYFLAG,T_CALENDARID,T_SYMBOL,T_PREVIOUS_STEP,T_MODIFICATION,
                            T_CARRY_MACRO,T_PRINT_MACRO,T_POST_MACRO,T_NOTINUSE,T_FIRSTSTEP,T_NAME,T_DATEKINDID,T_REV,T_AUTOEXECUTESTEP,T_ONLYHANDCARRY,
                            T_ISALLOWFOROPER,T_OPERORGROUP,T_RESTRICTEARLYEXECUTION,T_USERTYPES,T_INITDATEKINDID,T_ASKFORDATE,T_BACKOUT,T_ISBACKOUTGROUP,
                            T_MASSEXECUTEMODE,T_ISCASE,T_ISDISTAFFEXECUTE,T_SKIPINITAFTERPLANDATE,T_MASSPACKSIZE)
  VALUES(490406,302,1,0,0,CHR(0),0,CHR(0),0,0,'vsr0302rp.mac',CHR(1),CHR(1),CHR(0),CHR(0),'Зачет удержанного НДФЛ',11000000,CHR(0),'X',CHR(0),0,CHR(0),'X',CHR(1),0,CHR(0),0,CHR(0),0,CHR(0),CHR(0),'X',0);

EXCEPTION 
   WHEN DUP_VAL_ON_INDEX THEN NULL;
END;
/

DECLARE
BEGIN
  INSERT INTO DOPROSTEP_DBT(T_BLOCKID,T_NUMBER_STEP,T_KIND_ACTION,T_DAYOFFSET,T_SCALE,T_DAYFLAG,T_CALENDARID,T_SYMBOL,T_PREVIOUS_STEP,T_MODIFICATION,
                            T_CARRY_MACRO,T_PRINT_MACRO,T_POST_MACRO,T_NOTINUSE,T_FIRSTSTEP,T_NAME,T_DATEKINDID,T_REV,T_AUTOEXECUTESTEP,T_ONLYHANDCARRY,
                            T_ISALLOWFOROPER,T_OPERORGROUP,T_RESTRICTEARLYEXECUTION,T_USERTYPES,T_INITDATEKINDID,T_ASKFORDATE,T_BACKOUT,T_ISBACKOUTGROUP,
                            T_MASSEXECUTEMODE,T_ISCASE,T_ISDISTAFFEXECUTE,T_SKIPINITAFTERPLANDATE,T_MASSPACKSIZE)
  VALUES(491806,202,1,0,0,CHR(0),0,CHR(0),0,0,'vsv0202rp.mac',CHR(1),CHR(1),CHR(0),CHR(0),'Зачет удержанного НДФЛ',11000000,CHR(0),'X',CHR(0),0,CHR(0),'X',CHR(1),0,CHR(0),0,CHR(0),0,CHR(0),CHR(0),'X',0);

EXCEPTION 
   WHEN DUP_VAL_ON_INDEX THEN NULL;
END;
/

DECLARE
BEGIN
  INSERT INTO DOPROSTEP_DBT(T_BLOCKID,T_NUMBER_STEP,T_KIND_ACTION,T_DAYOFFSET,T_SCALE,T_DAYFLAG,T_CALENDARID,T_SYMBOL,T_PREVIOUS_STEP,T_MODIFICATION,
                            T_CARRY_MACRO,T_PRINT_MACRO,T_POST_MACRO,T_NOTINUSE,T_FIRSTSTEP,T_NAME,T_DATEKINDID,T_REV,T_AUTOEXECUTESTEP,T_ONLYHANDCARRY,
                            T_ISALLOWFOROPER,T_OPERORGROUP,T_RESTRICTEARLYEXECUTION,T_USERTYPES,T_INITDATEKINDID,T_ASKFORDATE,T_BACKOUT,T_ISBACKOUTGROUP,
                            T_MASSEXECUTEMODE,T_ISCASE,T_ISDISTAFFEXECUTE,T_SKIPINITAFTERPLANDATE,T_MASSPACKSIZE)
  VALUES(493305,302,1,0,0,CHR(0),0,CHR(0),0,0,'vsf0302.mac',CHR(1),CHR(1),CHR(0),CHR(0),'Зачет удержанного НДФЛ',11000000,CHR(0),'X',CHR(0),0,CHR(0),'X',CHR(1),0,CHR(0),0,CHR(0),0,CHR(0),CHR(0),'X',0);

EXCEPTION 
   WHEN DUP_VAL_ON_INDEX THEN NULL;
END;
/

DECLARE
BEGIN
  INSERT INTO DOPROSTEP_DBT(T_BLOCKID,T_NUMBER_STEP,T_KIND_ACTION,T_DAYOFFSET,T_SCALE,T_DAYFLAG,T_CALENDARID,T_SYMBOL,T_PREVIOUS_STEP,T_MODIFICATION,
                            T_CARRY_MACRO,T_PRINT_MACRO,T_POST_MACRO,T_NOTINUSE,T_FIRSTSTEP,T_NAME,T_DATEKINDID,T_REV,T_AUTOEXECUTESTEP,T_ONLYHANDCARRY,
                            T_ISALLOWFOROPER,T_OPERORGROUP,T_RESTRICTEARLYEXECUTION,T_USERTYPES,T_INITDATEKINDID,T_ASKFORDATE,T_BACKOUT,T_ISBACKOUTGROUP,
                            T_MASSEXECUTEMODE,T_ISCASE,T_ISDISTAFFEXECUTE,T_SKIPINITAFTERPLANDATE,T_MASSPACKSIZE)
  VALUES(1490406,302,1,0,0,CHR(0),0,CHR(0),0,0,'vsr0302rp.mac',CHR(1),CHR(1),CHR(0),CHR(0),'Зачет удержанного НДФЛ',11000000,CHR(0),'X',CHR(0),0,CHR(0),'X',CHR(1),0,CHR(0),0,CHR(0),0,CHR(0),CHR(0),'X',0);

EXCEPTION 
   WHEN DUP_VAL_ON_INDEX THEN NULL;
END;
/

DECLARE
BEGIN
  INSERT INTO DOPROSTEP_DBT(T_BLOCKID,T_NUMBER_STEP,T_KIND_ACTION,T_DAYOFFSET,T_SCALE,T_DAYFLAG,T_CALENDARID,T_SYMBOL,T_PREVIOUS_STEP,T_MODIFICATION,
                            T_CARRY_MACRO,T_PRINT_MACRO,T_POST_MACRO,T_NOTINUSE,T_FIRSTSTEP,T_NAME,T_DATEKINDID,T_REV,T_AUTOEXECUTESTEP,T_ONLYHANDCARRY,
                            T_ISALLOWFOROPER,T_OPERORGROUP,T_RESTRICTEARLYEXECUTION,T_USERTYPES,T_INITDATEKINDID,T_ASKFORDATE,T_BACKOUT,T_ISBACKOUTGROUP,
                            T_MASSEXECUTEMODE,T_ISCASE,T_ISDISTAFFEXECUTE,T_SKIPINITAFTERPLANDATE,T_MASSPACKSIZE)
  VALUES(1491806,202,1,0,0,CHR(0),0,CHR(0),0,0,'vsv0202rp.mac',CHR(1),CHR(1),CHR(0),CHR(0),'Зачет удержанного НДФЛ',11000000,CHR(0),'X',CHR(0),0,CHR(0),'X',CHR(1),0,CHR(0),0,CHR(0),0,CHR(0),CHR(0),'X',0);

EXCEPTION 
   WHEN DUP_VAL_ON_INDEX THEN NULL;
END;
/

DECLARE
BEGIN
  INSERT INTO DOPROSTEP_DBT(T_BLOCKID,T_NUMBER_STEP,T_KIND_ACTION,T_DAYOFFSET,T_SCALE,T_DAYFLAG,T_CALENDARID,T_SYMBOL,T_PREVIOUS_STEP,T_MODIFICATION,
                            T_CARRY_MACRO,T_PRINT_MACRO,T_POST_MACRO,T_NOTINUSE,T_FIRSTSTEP,T_NAME,T_DATEKINDID,T_REV,T_AUTOEXECUTESTEP,T_ONLYHANDCARRY,
                            T_ISALLOWFOROPER,T_OPERORGROUP,T_RESTRICTEARLYEXECUTION,T_USERTYPES,T_INITDATEKINDID,T_ASKFORDATE,T_BACKOUT,T_ISBACKOUTGROUP,
                            T_MASSEXECUTEMODE,T_ISCASE,T_ISDISTAFFEXECUTE,T_SKIPINITAFTERPLANDATE,T_MASSPACKSIZE)
  VALUES(1493305,302,1,0,0,CHR(0),0,CHR(0),0,0,'vsf0302.mac',CHR(1),CHR(1),CHR(0),CHR(0),'Зачет удержанного НДФЛ',11000000,CHR(0),'X',CHR(0),0,CHR(0),'X',CHR(1),0,CHR(0),0,CHR(0),0,CHR(0),CHR(0),'X',0);

EXCEPTION 
   WHEN DUP_VAL_ON_INDEX THEN NULL;
END;
/


/*status on block*/
DECLARE
BEGIN
  INSERT INTO DOPRSBLCK_DBT(T_BLOCKID,T_STATUSKINDID,T_NUMVALUE,T_DEFAULT)
  VALUES(203701,460713,1,CHR(0));

EXCEPTION 
   WHEN DUP_VAL_ON_INDEX THEN NULL;
END;
/

DECLARE
BEGIN
  INSERT INTO DOPRSBLCK_DBT(T_BLOCKID,T_STATUSKINDID,T_NUMVALUE,T_DEFAULT)
  VALUES(203711,46076,1,CHR(0));

EXCEPTION 
   WHEN DUP_VAL_ON_INDEX THEN NULL;
END;
/

DECLARE
BEGIN
  INSERT INTO DOPRSBLCK_DBT(T_BLOCKID,T_STATUSKINDID,T_NUMVALUE,T_DEFAULT)
  VALUES(203711,460710,1,CHR(0));

EXCEPTION 
   WHEN DUP_VAL_ON_INDEX THEN NULL;
END;
/

DECLARE
BEGIN
  INSERT INTO DOPRSBLCK_DBT(T_BLOCKID,T_STATUSKINDID,T_NUMVALUE,T_DEFAULT)
  VALUES(203711,460713,2,'X');

EXCEPTION 
   WHEN DUP_VAL_ON_INDEX THEN NULL;
END;
/

DECLARE
BEGIN
  INSERT INTO DOPRSBLCK_DBT(T_BLOCKID,T_STATUSKINDID,T_NUMVALUE,T_DEFAULT)
  VALUES(203800,46081,12,CHR(0));

EXCEPTION 
   WHEN DUP_VAL_ON_INDEX THEN NULL;
END;
/

DECLARE
BEGIN
  INSERT INTO DOPRSBLCK_DBT(T_BLOCKID,T_STATUSKINDID,T_NUMVALUE,T_DEFAULT)
  VALUES(203808,46081,12,CHR(0));

EXCEPTION 
   WHEN DUP_VAL_ON_INDEX THEN NULL;
END;
/


DECLARE
BEGIN
  INSERT INTO DOPRSBLCK_DBT(T_BLOCKID,T_STATUSKINDID,T_NUMVALUE,T_DEFAULT)
  VALUES(203809,46081,9,'X');

EXCEPTION 
   WHEN DUP_VAL_ON_INDEX THEN NULL;
END;
/

DECLARE
BEGIN
  INSERT INTO DOPRSBLCK_DBT(T_BLOCKID,T_STATUSKINDID,T_NUMVALUE,T_DEFAULT)
  VALUES(204302,46461,6,CHR(0));

EXCEPTION 
   WHEN DUP_VAL_ON_INDEX THEN NULL;
END;
/

DECLARE
BEGIN
  INSERT INTO DOPRSBLCK_DBT(T_BLOCKID,T_STATUSKINDID,T_NUMVALUE,T_DEFAULT)
  VALUES(204303,46461,2,CHR(0));

EXCEPTION 
   WHEN DUP_VAL_ON_INDEX THEN NULL;
END;
/

DECLARE
BEGIN
  INSERT INTO DOPRSBLCK_DBT(T_BLOCKID,T_STATUSKINDID,T_NUMVALUE,T_DEFAULT)
  VALUES(204303,46461,4,CHR(0));

EXCEPTION 
   WHEN DUP_VAL_ON_INDEX THEN NULL;
END;
/

DECLARE
BEGIN
  INSERT INTO DOPRSBLCK_DBT(T_BLOCKID,T_STATUSKINDID,T_NUMVALUE,T_DEFAULT)
  VALUES(490400,1106,1,CHR(0));

EXCEPTION 
   WHEN DUP_VAL_ON_INDEX THEN NULL;
END;
/

DECLARE
BEGIN
  INSERT INTO DOPRSBLCK_DBT(T_BLOCKID,T_STATUSKINDID,T_NUMVALUE,T_DEFAULT)
  VALUES(490400,1106,2,CHR(0));

EXCEPTION 
   WHEN DUP_VAL_ON_INDEX THEN NULL;
END;
/

DECLARE
BEGIN
  UPDATE DOPRSBLCK_DBT
     SET T_DEFAULT = 'X'
   WHERE T_BLOCKID = 490404
     AND T_STATUSKINDID = 1104
     AND T_NUMVALUE = 2;

EXCEPTION 
   WHEN DUP_VAL_ON_INDEX THEN NULL;
END;
/

DECLARE
BEGIN
  INSERT INTO DOPRSBLCK_DBT(T_BLOCKID,T_STATUSKINDID,T_NUMVALUE,T_DEFAULT)
  VALUES(490405,1106,1,CHR(0));

EXCEPTION 
   WHEN DUP_VAL_ON_INDEX THEN NULL;
END;
/

DECLARE
BEGIN
  INSERT INTO DOPRSBLCK_DBT(T_BLOCKID,T_STATUSKINDID,T_NUMVALUE,T_DEFAULT)
  VALUES(490406,1102,1,'X');

EXCEPTION 
   WHEN DUP_VAL_ON_INDEX THEN NULL;
END;
/

DECLARE
BEGIN
  INSERT INTO DOPRSBLCK_DBT(T_BLOCKID,T_STATUSKINDID,T_NUMVALUE,T_DEFAULT)
  VALUES(490406,1106,2,CHR(0));

EXCEPTION 
   WHEN DUP_VAL_ON_INDEX THEN NULL;
END;
/

DECLARE
BEGIN
  INSERT INTO DOPRSBLCK_DBT(T_BLOCKID,T_STATUSKINDID,T_NUMVALUE,T_DEFAULT)
  VALUES(491800,1106,1,CHR(0));

EXCEPTION 
   WHEN DUP_VAL_ON_INDEX THEN NULL;
END;
/

DECLARE
BEGIN
  INSERT INTO DOPRSBLCK_DBT(T_BLOCKID,T_STATUSKINDID,T_NUMVALUE,T_DEFAULT)
  VALUES(491800,1106,2,CHR(0));

EXCEPTION 
   WHEN DUP_VAL_ON_INDEX THEN NULL;
END;
/

DECLARE
BEGIN
  INSERT INTO DOPRSBLCK_DBT(T_BLOCKID,T_STATUSKINDID,T_NUMVALUE,T_DEFAULT)
  VALUES(491805,1106,1,CHR(0));

EXCEPTION 
   WHEN DUP_VAL_ON_INDEX THEN NULL;
END;
/

DECLARE
BEGIN
  INSERT INTO DOPRSBLCK_DBT(T_BLOCKID,T_STATUSKINDID,T_NUMVALUE,T_DEFAULT)
  VALUES(491806,1102,1,CHR(0));

EXCEPTION 
   WHEN DUP_VAL_ON_INDEX THEN NULL;
END;
/

DECLARE
BEGIN
  INSERT INTO DOPRSBLCK_DBT(T_BLOCKID,T_STATUSKINDID,T_NUMVALUE,T_DEFAULT)
  VALUES(491806,1106,2,CHR(0));

EXCEPTION 
   WHEN DUP_VAL_ON_INDEX THEN NULL;
END;
/

DECLARE
BEGIN
  INSERT INTO DOPRSBLCK_DBT(T_BLOCKID,T_STATUSKINDID,T_NUMVALUE,T_DEFAULT)
  VALUES(493300,1106,1,CHR(0));

EXCEPTION 
   WHEN DUP_VAL_ON_INDEX THEN NULL;
END;
/

DECLARE
BEGIN
  INSERT INTO DOPRSBLCK_DBT(T_BLOCKID,T_STATUSKINDID,T_NUMVALUE,T_DEFAULT)
  VALUES(493300,1106,2,CHR(0));

EXCEPTION 
   WHEN DUP_VAL_ON_INDEX THEN NULL;
END;
/

DECLARE
BEGIN
  UPDATE DOPRSBLCK_DBT
     SET T_NUMVALUE = 1
   WHERE T_BLOCKID = 493304
     AND T_STATUSKINDID = 1102
     AND T_NUMVALUE = 0;

EXCEPTION 
   WHEN DUP_VAL_ON_INDEX THEN NULL;
END;
/

DECLARE
BEGIN
  INSERT INTO DOPRSBLCK_DBT(T_BLOCKID,T_STATUSKINDID,T_NUMVALUE,T_DEFAULT)
  VALUES(493304,1106,1,CHR(0));

EXCEPTION 
   WHEN DUP_VAL_ON_INDEX THEN NULL;
END;
/

DECLARE
BEGIN
  INSERT INTO DOPRSBLCK_DBT(T_BLOCKID,T_STATUSKINDID,T_NUMVALUE,T_DEFAULT)
  VALUES(493305,1102,1,CHR(0));

EXCEPTION 
   WHEN DUP_VAL_ON_INDEX THEN NULL;
END;
/

DECLARE
BEGIN
  INSERT INTO DOPRSBLCK_DBT(T_BLOCKID,T_STATUSKINDID,T_NUMVALUE,T_DEFAULT)
  VALUES(493305,1106,2,CHR(0));

EXCEPTION 
   WHEN DUP_VAL_ON_INDEX THEN NULL;
END;
/

DECLARE
BEGIN
  INSERT INTO DOPRSBLCK_DBT(T_BLOCKID,T_STATUSKINDID,T_NUMVALUE,T_DEFAULT)
  VALUES(20000072,1106,1,CHR(0));

EXCEPTION 
   WHEN DUP_VAL_ON_INDEX THEN NULL;
END;
/

DECLARE
BEGIN
  INSERT INTO DOPRSBLCK_DBT(T_BLOCKID,T_STATUSKINDID,T_NUMVALUE,T_DEFAULT)
  VALUES(20000072,1106,2,CHR(0));

EXCEPTION 
   WHEN DUP_VAL_ON_INDEX THEN NULL;
END;
/

DECLARE
BEGIN
  UPDATE DOPRSBLCK_DBT
     SET T_DEFAULT = 'X'
   WHERE T_BLOCKID = 20000072
     AND T_STATUSKINDID = 1104
     AND T_NUMVALUE = 2;

EXCEPTION 
   WHEN DUP_VAL_ON_INDEX THEN NULL;
END;
/

DECLARE
BEGIN
  INSERT INTO DOPRSBLCK_DBT(T_BLOCKID,T_STATUSKINDID,T_NUMVALUE,T_DEFAULT)
  VALUES(1490405,1106,1,CHR(0));

EXCEPTION 
   WHEN DUP_VAL_ON_INDEX THEN NULL;
END;
/

DECLARE
BEGIN
  INSERT INTO DOPRSBLCK_DBT(T_BLOCKID,T_STATUSKINDID,T_NUMVALUE,T_DEFAULT)
  VALUES(1490406,1102,1,'X');

EXCEPTION 
   WHEN DUP_VAL_ON_INDEX THEN NULL;
END;
/

DECLARE
BEGIN
  INSERT INTO DOPRSBLCK_DBT(T_BLOCKID,T_STATUSKINDID,T_NUMVALUE,T_DEFAULT)
  VALUES(1490406,1106,2,CHR(0));

EXCEPTION 
   WHEN DUP_VAL_ON_INDEX THEN NULL;
END;
/

DECLARE
BEGIN
  INSERT INTO DOPRSBLCK_DBT(T_BLOCKID,T_STATUSKINDID,T_NUMVALUE,T_DEFAULT)
  VALUES(20000904,1106,1,CHR(0));

EXCEPTION 
   WHEN DUP_VAL_ON_INDEX THEN NULL;
END;
/

DECLARE
BEGIN
  INSERT INTO DOPRSBLCK_DBT(T_BLOCKID,T_STATUSKINDID,T_NUMVALUE,T_DEFAULT)
  VALUES(20000904,1106,2,CHR(0));

EXCEPTION 
   WHEN DUP_VAL_ON_INDEX THEN NULL;
END;
/

DECLARE
BEGIN
  INSERT INTO DOPRSBLCK_DBT(T_BLOCKID,T_STATUSKINDID,T_NUMVALUE,T_DEFAULT)
  VALUES(1491805,1106,1,CHR(0));

EXCEPTION 
   WHEN DUP_VAL_ON_INDEX THEN NULL;
END;
/

DECLARE
BEGIN
  INSERT INTO DOPRSBLCK_DBT(T_BLOCKID,T_STATUSKINDID,T_NUMVALUE,T_DEFAULT)
  VALUES(1491806,1102,1,CHR(0));

EXCEPTION 
   WHEN DUP_VAL_ON_INDEX THEN NULL;
END;
/

DECLARE
BEGIN
  INSERT INTO DOPRSBLCK_DBT(T_BLOCKID,T_STATUSKINDID,T_NUMVALUE,T_DEFAULT)
  VALUES(1491806,1106,2,CHR(0));

EXCEPTION 
   WHEN DUP_VAL_ON_INDEX THEN NULL;
END;
/

DECLARE
BEGIN
  INSERT INTO DOPRSBLCK_DBT(T_BLOCKID,T_STATUSKINDID,T_NUMVALUE,T_DEFAULT)
  VALUES(40000118,1106,1,CHR(0));

EXCEPTION 
   WHEN DUP_VAL_ON_INDEX THEN NULL;
END;
/

DECLARE
BEGIN
  INSERT INTO DOPRSBLCK_DBT(T_BLOCKID,T_STATUSKINDID,T_NUMVALUE,T_DEFAULT)
  VALUES(40000118,1106,2,CHR(0));

EXCEPTION 
   WHEN DUP_VAL_ON_INDEX THEN NULL;
END;
/

DECLARE
BEGIN
  UPDATE DOPRSBLCK_DBT
     SET T_NUMVALUE = 1
   WHERE T_BLOCKID = 1493304
     AND T_STATUSKINDID = 1102
     AND T_NUMVALUE = 0;

EXCEPTION 
   WHEN DUP_VAL_ON_INDEX THEN NULL;
END;
/

DECLARE
BEGIN
  INSERT INTO DOPRSBLCK_DBT(T_BLOCKID,T_STATUSKINDID,T_NUMVALUE,T_DEFAULT)
  VALUES(1493304,1106,1,CHR(0));

EXCEPTION 
   WHEN DUP_VAL_ON_INDEX THEN NULL;
END;
/

DECLARE
BEGIN
  INSERT INTO DOPRSBLCK_DBT(T_BLOCKID,T_STATUSKINDID,T_NUMVALUE,T_DEFAULT)
  VALUES(1493305,1102,1,CHR(0));

EXCEPTION 
   WHEN DUP_VAL_ON_INDEX THEN NULL;
END;
/

DECLARE
BEGIN
  INSERT INTO DOPRSBLCK_DBT(T_BLOCKID,T_STATUSKINDID,T_NUMVALUE,T_DEFAULT)
  VALUES(1493305,1106,2,CHR(0));

EXCEPTION 
   WHEN DUP_VAL_ON_INDEX THEN NULL;
END;
/

/*blocks in operation*/

DECLARE
  v_OperBlockID NUMBER := 0;
BEGIN
  BEGIN
    SELECT T_OPERBLOCKID
      INTO v_OperBlockID
      FROM DOPROBLCK_DBT
     WHERE T_KIND_OPERATION = 4904
       AND T_BLOCKID = 490406;

    EXCEPTION
         WHEN OTHERS THEN v_OperBlockID := 0;
  END;

  IF v_OperBlockID = 0 THEN

    INSERT INTO DOPROBLCK_DBT(T_OPERBLOCKID,T_KIND_OPERATION,T_BLOCKID,T_SORT,T_NOTINUSE,T_NOINSERT,T_NOREPLACE,T_NOCLOSEINSERT,T_ISMANUAL,
                              T_SYMBOLSFORINSERTION,T_SYMBOL)
    VALUES(0,4904,490406,7,CHR(0),CHR(0),CHR(0),'X',CHR(0),CHR(1),'N') RETURNING T_OPERBLOCKID INTO v_OperBlockID;

    INSERT INTO DOPRCBLCK_DBT(T_OPERBLOCKID,T_STATUSKINDID,T_NUMVALUE,T_CONDITION)
    VALUES(v_OperBlockID,1106,1,0);

  END IF;

EXCEPTION 
   WHEN DUP_VAL_ON_INDEX THEN NULL;
END;
/

DECLARE
  v_OperBlockID NUMBER := 0;
BEGIN
  BEGIN
    SELECT T_OPERBLOCKID
      INTO v_OperBlockID
      FROM DOPROBLCK_DBT
     WHERE T_KIND_OPERATION = 4918
       AND T_BLOCKID = 491806;

    EXCEPTION
         WHEN OTHERS THEN v_OperBlockID := 0;
  END;

  IF v_OperBlockID = 0 THEN

    INSERT INTO DOPROBLCK_DBT(T_OPERBLOCKID,T_KIND_OPERATION,T_BLOCKID,T_SORT,T_NOTINUSE,T_NOINSERT,T_NOREPLACE,T_NOCLOSEINSERT,T_ISMANUAL,
                              T_SYMBOLSFORINSERTION,T_SYMBOL)
    VALUES(0,4918,491806,7,CHR(0),CHR(0),CHR(0),'X',CHR(0),CHR(1),'N') RETURNING T_OPERBLOCKID INTO v_OperBlockID;

    INSERT INTO DOPRCBLCK_DBT(T_OPERBLOCKID,T_STATUSKINDID,T_NUMVALUE,T_CONDITION)
    VALUES(v_OperBlockID,1106,1,0);

  END IF;

EXCEPTION 
   WHEN DUP_VAL_ON_INDEX THEN NULL;
END;
/

DECLARE
  v_OperBlockID NUMBER := 0;
BEGIN
  BEGIN
    SELECT T_OPERBLOCKID
      INTO v_OperBlockID
      FROM DOPROBLCK_DBT
     WHERE T_KIND_OPERATION = 4933
       AND T_BLOCKID = 493305;

    EXCEPTION
         WHEN OTHERS THEN v_OperBlockID := 0;
  END;

  IF v_OperBlockID = 0 THEN

    INSERT INTO DOPROBLCK_DBT(T_OPERBLOCKID,T_KIND_OPERATION,T_BLOCKID,T_SORT,T_NOTINUSE,T_NOINSERT,T_NOREPLACE,T_NOCLOSEINSERT,T_ISMANUAL,
                              T_SYMBOLSFORINSERTION,T_SYMBOL)
    VALUES(0,4933,493305,6,CHR(0),CHR(0),CHR(0),'X',CHR(0),CHR(1),'N') RETURNING T_OPERBLOCKID INTO v_OperBlockID;

    INSERT INTO DOPRCBLCK_DBT(T_OPERBLOCKID,T_STATUSKINDID,T_NUMVALUE,T_CONDITION)
    VALUES(v_OperBlockID,1106,1,0);

  END IF;

EXCEPTION 
   WHEN DUP_VAL_ON_INDEX THEN NULL;
END;
/

DECLARE
  v_OperBlockID NUMBER := 0;
BEGIN
  BEGIN
    SELECT T_OPERBLOCKID
      INTO v_OperBlockID
      FROM DOPROBLCK_DBT
     WHERE T_KIND_OPERATION = 14904
       AND T_BLOCKID = 1490406;

    EXCEPTION
         WHEN OTHERS THEN v_OperBlockID := 0;
  END;

  IF v_OperBlockID = 0 THEN

    INSERT INTO DOPROBLCK_DBT(T_OPERBLOCKID,T_KIND_OPERATION,T_BLOCKID,T_SORT,T_NOTINUSE,T_NOINSERT,T_NOREPLACE,T_NOCLOSEINSERT,T_ISMANUAL,
                              T_SYMBOLSFORINSERTION,T_SYMBOL)
    VALUES(0,14904,1490406,7,CHR(0),CHR(0),CHR(0),'X',CHR(0),CHR(1),'N') RETURNING T_OPERBLOCKID INTO v_OperBlockID;

    INSERT INTO DOPRCBLCK_DBT(T_OPERBLOCKID,T_STATUSKINDID,T_NUMVALUE,T_CONDITION)
    VALUES(v_OperBlockID,1106,1,0);

  END IF;

EXCEPTION 
   WHEN DUP_VAL_ON_INDEX THEN NULL;
END;
/

DECLARE
  v_OperBlockID NUMBER := 0;
BEGIN
  BEGIN
    SELECT T_OPERBLOCKID
      INTO v_OperBlockID
      FROM DOPROBLCK_DBT
     WHERE T_KIND_OPERATION = 14918
       AND T_BLOCKID = 1491806;

    EXCEPTION
         WHEN OTHERS THEN v_OperBlockID := 0;
  END;

  IF v_OperBlockID = 0 THEN

    INSERT INTO DOPROBLCK_DBT(T_OPERBLOCKID,T_KIND_OPERATION,T_BLOCKID,T_SORT,T_NOTINUSE,T_NOINSERT,T_NOREPLACE,T_NOCLOSEINSERT,T_ISMANUAL,
                              T_SYMBOLSFORINSERTION,T_SYMBOL)
    VALUES(0,14918,1491806,7,CHR(0),CHR(0),CHR(0),'X',CHR(0),CHR(1),'N') RETURNING T_OPERBLOCKID INTO v_OperBlockID;

    INSERT INTO DOPRCBLCK_DBT(T_OPERBLOCKID,T_STATUSKINDID,T_NUMVALUE,T_CONDITION)
    VALUES(v_OperBlockID,1106,1,0);

  END IF;

EXCEPTION 
   WHEN DUP_VAL_ON_INDEX THEN NULL;
END;
/

DECLARE
  v_OperBlockID NUMBER := 0;
BEGIN
  BEGIN
    SELECT T_OPERBLOCKID
      INTO v_OperBlockID
      FROM DOPROBLCK_DBT
     WHERE T_KIND_OPERATION = 14933
       AND T_BLOCKID = 1491806;

    EXCEPTION
         WHEN OTHERS THEN v_OperBlockID := 0;
  END;

  IF v_OperBlockID = 0 THEN

    INSERT INTO DOPROBLCK_DBT(T_OPERBLOCKID,T_KIND_OPERATION,T_BLOCKID,T_SORT,T_NOTINUSE,T_NOINSERT,T_NOREPLACE,T_NOCLOSEINSERT,T_ISMANUAL,
                              T_SYMBOLSFORINSERTION,T_SYMBOL)
    VALUES(0,14933,1493305,6,CHR(0),CHR(0),CHR(0),'X',CHR(0),CHR(1),'N') RETURNING T_OPERBLOCKID INTO v_OperBlockID;

    INSERT INTO DOPRCBLCK_DBT(T_OPERBLOCKID,T_STATUSKINDID,T_NUMVALUE,T_CONDITION)
    VALUES(v_OperBlockID,1106,1,0);

  END IF;

EXCEPTION 
   WHEN DUP_VAL_ON_INDEX THEN NULL;
END;
/

DECLARE
  v_OperBlockID NUMBER := 0;
BEGIN
  BEGIN
    SELECT T_OPERBLOCKID
      INTO v_OperBlockID
      FROM DOPROBLCK_DBT
     WHERE T_KIND_OPERATION = 2037
       AND T_BLOCKID = 203711;

    EXCEPTION
         WHEN OTHERS THEN v_OperBlockID := 0;
  END;

  IF v_OperBlockID = 0 THEN

    INSERT INTO DOPROBLCK_DBT(T_OPERBLOCKID,T_KIND_OPERATION,T_BLOCKID,T_SORT,T_NOTINUSE,T_NOINSERT,T_NOREPLACE,T_NOCLOSEINSERT,T_ISMANUAL,
                              T_SYMBOLSFORINSERTION,T_SYMBOL)
    VALUES(0,2037,203711,1,CHR(0),CHR(0),CHR(0),'X',CHR(0),CHR(1),CHR(0)) RETURNING T_OPERBLOCKID INTO v_OperBlockID;

    INSERT INTO DOPRCBLCK_DBT(T_OPERBLOCKID,T_STATUSKINDID,T_NUMVALUE,T_CONDITION)
    VALUES(v_OperBlockID,46071,1,0);

    INSERT INTO DOPRCBLCK_DBT(T_OPERBLOCKID,T_STATUSKINDID,T_NUMVALUE,T_CONDITION)
    VALUES(v_OperBlockID,460713,1,0);

  END IF;

EXCEPTION 
   WHEN DUP_VAL_ON_INDEX THEN NULL;
END;
/

DECLARE
  v_OperBlockID NUMBER := 0;
BEGIN
  BEGIN
    SELECT T_OPERBLOCKID
      INTO v_OperBlockID
      FROM DOPROBLCK_DBT
     WHERE T_KIND_OPERATION = 2038
       AND T_BLOCKID = 203809;

    EXCEPTION
         WHEN OTHERS THEN v_OperBlockID := 0;
  END;

  IF v_OperBlockID = 0 THEN

    INSERT INTO DOPROBLCK_DBT(T_OPERBLOCKID,T_KIND_OPERATION,T_BLOCKID,T_SORT,T_NOTINUSE,T_NOINSERT,T_NOREPLACE,T_NOCLOSEINSERT,T_ISMANUAL,
                              T_SYMBOLSFORINSERTION,T_SYMBOL)
    VALUES(0,2038,203809,10,CHR(0),CHR(0),CHR(0),'X',CHR(0),CHR(1),CHR(0)) RETURNING T_OPERBLOCKID INTO v_OperBlockID;

    INSERT INTO DOPRCBLCK_DBT(T_OPERBLOCKID,T_STATUSKINDID,T_NUMVALUE,T_CONDITION)
    VALUES(v_OperBlockID,46081,12,0);

  END IF;

EXCEPTION 
   WHEN DUP_VAL_ON_INDEX THEN NULL;
END;
/

DECLARE
  v_OperBlockID NUMBER := 0;
BEGIN
  BEGIN
    SELECT T_OPERBLOCKID
      INTO v_OperBlockID
      FROM DOPROBLCK_DBT
     WHERE T_KIND_OPERATION = 2043
       AND T_BLOCKID = 204303;

    EXCEPTION
         WHEN OTHERS THEN v_OperBlockID := 0;
  END;

  IF v_OperBlockID = 0 THEN

    INSERT INTO DOPROBLCK_DBT(T_OPERBLOCKID,T_KIND_OPERATION,T_BLOCKID,T_SORT,T_NOTINUSE,T_NOINSERT,T_NOREPLACE,T_NOCLOSEINSERT,T_ISMANUAL,
                              T_SYMBOLSFORINSERTION,T_SYMBOL)
    VALUES(0,2043,204303,4,CHR(0),CHR(0),CHR(0),'X',CHR(0),CHR(1),CHR(0)) RETURNING T_OPERBLOCKID INTO v_OperBlockID;

    INSERT INTO DOPRCBLCK_DBT(T_OPERBLOCKID,T_STATUSKINDID,T_NUMVALUE,T_CONDITION)
    VALUES(v_OperBlockID,46461,6,0);

  END IF;

EXCEPTION 
   WHEN DUP_VAL_ON_INDEX THEN NULL;
END;
/


BEGIN
 EXECUTE IMMEDIATE 'COMMIT';
EXCEPTION
  WHEN OTHERS THEN NULL;
END;
/