Номер;41
Наименование;Календарь автоматических пополнений брокерского счета
Подсистема;все
Тип;все
Биржа;все
рынок;все
календарь;все
валюта;все
страна;все
вид ц/б;все
01.01.2025;+
02.01.2025;+
03.01.2025;Б+
04.01.2025;+
05.01.2025;+
06.01.2025;Б+
07.01.2025;+
08.01.2025;Б+
09.01.2025;Б+
10.01.2025;Б+
11.01.2025;+
12.01.2025;+
13.01.2025;Б+
14.01.2025;Б+
15.01.2025;Б+
16.01.2025;Б+
17.01.2025;Б+
18.01.2025;+
19.01.2025;+
20.01.2025;Б+
21.01.2025;Б+
22.01.2025;Б+
23.01.2025;Б+
24.01.2025;Б+
25.01.2025;+
26.01.2025;+
27.01.2025;Б+
28.01.2025;Б+
29.01.2025;Б+
30.01.2025;Б+
31.01.2025;Б+
01.02.2025;+
02.02.2025;+
03.02.2025;Б+
04.02.2025;Б+
05.02.2025;Б+
06.02.2025;Б+
07.02.2025;Б+
08.02.2025;+
09.02.2025;+
10.02.2025;Б+
11.02.2025;Б+
12.02.2025;Б+
13.02.2025;Б+
14.02.2025;Б+
15.02.2025;+
16.02.2025;+
17.02.2025;Б+
18.02.2025;Б+
19.02.2025;Б+
20.02.2025;Б+
21.02.2025;Б+
22.02.2025;+
23.02.2025;+
24.02.2025;Б+
25.02.2025;Б+
26.02.2025;Б+
27.02.2025;Б+
28.02.2025;Б+
01.03.2025;Б+
02.03.2025;Б+
03.03.2025;Б+
04.03.2025;Б+
05.03.2025;Б+
06.03.2025;Б+
07.03.2025;Б+
08.03.2025;+
09.03.2025;+
10.03.2025;Б+
11.03.2025;Б+
12.03.2025;Б+
13.03.2025;Б+
14.03.2025;Б+
15.03.2025;Б+
16.03.2025;Б+
17.03.2025;Б+
18.03.2025;Б+
19.03.2025;Б+
20.03.2025;Б+
21.03.2025;Б+
22.03.2025;+
23.03.2025;+
24.03.2025;Б+
25.03.2025;Б+
26.03.2025;Б+
27.03.2025;Б+
28.03.2025;Б+
29.03.2025;Б+
30.03.2025;Б+
31.03.2025;Б+
01.04.2025;Б+
02.04.2025;Б+
03.04.2025;Б+
04.04.2025;Б+
05.04.2025;Б+
06.04.2025;Б+
07.04.2025;Б+
08.04.2025;Б+
09.04.2025;Б+
10.04.2025;Б+
11.04.2025;Б+
12.04.2025;Б+
13.04.2025;Б+
14.04.2025;Б+
15.04.2025;Б+
16.04.2025;Б+
17.04.2025;Б+
18.04.2025;Б+
19.04.2025;+
20.04.2025;+
21.04.2025;Б+
22.04.2025;Б+
23.04.2025;Б+
24.04.2025;Б+
25.04.2025;Б+
26.04.2025;Б+
27.04.2025;Б+
28.04.2025;Б+
29.04.2025;Б+
30.04.2025;Б+
01.05.2025;+
02.05.2025;Б+
03.05.2025;Б+
04.05.2025;Б+
05.05.2025;Б+
06.05.2025;Б+
07.05.2025;Б+
08.05.2025;Б+
09.05.2025;+
10.05.2025;Б+
11.05.2025;Б+
12.05.2025;Б+
13.05.2025;Б+
14.05.2025;Б+
15.05.2025;Б+
16.05.2025;Б+
17.05.2025;Б+
18.05.2025;Б+
19.05.2025;Б+
20.05.2025;Б+
21.05.2025;Б+
22.05.2025;Б+
23.05.2025;Б+
24.05.2025;+
25.05.2025;+
26.05.2025;Б+
27.05.2025;Б+
28.05.2025;Б+
29.05.2025;Б+
30.05.2025;Б+
31.05.2025;Б+
01.06.2025;Б+
02.06.2025;Б+
03.06.2025;Б+
04.06.2025;Б+
05.06.2025;Б+
06.06.2025;Б+
07.06.2025;Б+
08.06.2025;Б+
09.06.2025;Б+
10.06.2025;Б+
11.06.2025;Б+
12.06.2025;+
13.06.2025;Б+
14.06.2025;Б+
15.06.2025;Б+
16.06.2025;Б+
17.06.2025;Б+
18.06.2025;Б+
19.06.2025;Б+
20.06.2025;Б+
21.06.2025;+
22.06.2025;+
23.06.2025;Б+
24.06.2025;Б+
25.06.2025;Б+
26.06.2025;Б+
27.06.2025;Б+
28.06.2025;Б+
29.06.2025;Б+
30.06.2025;Б+
01.07.2025;Б+
02.07.2025;Б+
03.07.2025;Б+
04.07.2025;Б+
05.07.2025;Б+
06.07.2025;Б+
07.07.2025;Б+
08.07.2025;Б+
09.07.2025;Б+
10.07.2025;Б+
11.07.2025;Б+
12.07.2025;ББ+
13.07.2025;Б+
14.07.2025;Б+
15.07.2025;Б+
16.07.2025;Б+
17.07.2025;Б+
18.07.2025;Б+
19.07.2025;Б+
20.07.2025;Б+
21.07.2025;Б+
22.07.2025;Б+
23.07.2025;Б+
24.07.2025;Б+
25.07.2025;Б+
26.07.2025;Б+
27.07.2025;Б+
28.07.2025;Б+
29.07.2025;Б+
30.07.2025;Б+
31.07.2025;Б+
01.08.2025;Б+
02.08.2025;+
03.08.2025;+
04.08.2025;Б+
05.08.2025;Б+
06.08.2025;Б+
07.08.2025;Б+
08.08.2025;Б+
09.08.2025;Б+
10.08.2025;Б+
11.08.2025;Б+
12.08.2025;Б+
13.08.2025;Б+
14.08.2025;Б+
15.08.2025;Б+
16.08.2025;Б+
17.08.2025;Б+
18.08.2025;Б+
19.08.2025;Б+
20.08.2025;Б+
21.08.2025;Б+
22.08.2025;Б+
23.08.2025;Б+
24.08.2025;Б+
25.08.2025;Б+
26.08.2025;Б+
27.08.2025;Б+
28.08.2025;Б+
29.08.2025;Б+
30.08.2025;Б+
31.08.2025;Б+
01.09.2025;Б+
02.09.2025;Б+
03.09.2025;Б+
04.09.2025;Б+
05.09.2025;Б+
06.09.2025;Б+
07.09.2025;Б+
08.09.2025;Б+
09.09.2025;Б+
10.09.2025;Б+
11.09.2025;Б+
12.09.2025;Б+
13.09.2025;Б+
14.09.2025;Б+
15.09.2025;Б+
16.09.2025;Б+
17.09.2025;Б+
18.09.2025;Б+
19.09.2025;Б+
20.09.2025;+
21.09.2025;+
22.09.2025;Б+
23.09.2025;Б+
24.09.2025;Б+
25.09.2025;Б+
26.09.2025;Б+
27.09.2025;Б+
28.09.2025;Б+
29.09.2025;Б+
30.09.2025;Б+
01.10.2025;Б+
02.10.2025;Б+
03.10.2025;Б+
04.10.2025;Б+
05.10.2025;Б+
06.10.2025;Б+
07.10.2025;Б+
08.10.2025;Б+
09.10.2025;Б+
10.10.2025;Б+
11.10.2025;Б+
12.10.2025;Б+
13.10.2025;Б+
14.10.2025;Б+
15.10.2025;Б+
16.10.2025;Б+
17.10.2025;Б+
18.10.2025;Б+
19.10.2025;Б+
20.10.2025;Б+
21.10.2025;Б+
22.10.2025;Б+
23.10.2025;Б+
24.10.2025;Б+
25.10.2025;+
26.10.2025;+
27.10.2025;Б+
28.10.2025;Б+
29.10.2025;Б+
30.10.2025;Б+
31.10.2025;Б+
01.11.2025;Б+
02.11.2025;+
03.11.2025;Б+
04.11.2025;+
05.11.2025;Б+
06.11.2025;Б+
07.11.2025;Б+
08.11.2025;Б+
09.11.2025;Б+
10.11.2025;Б+
11.11.2025;Б+
12.11.2025;Б+
13.11.2025;Б+
14.11.2025;Б+
15.11.2025;Б+
16.11.2025;Б+
17.11.2025;Б+
18.11.2025;Б+
19.11.2025;Б+
20.11.2025;Б+
21.11.2025;Б+
22.11.2025;Б+
23.11.2025;Б+
24.11.2025;Б+
25.11.2025;Б+
26.11.2025;Б+
27.11.2025;Б+
28.11.2025;Б+
29.11.2025;Б+
30.11.2025;Б+
01.12.2025;Б+
02.12.2025;Б+
03.12.2025;Б+
04.12.2025;Б+
05.12.2025;Б+
06.12.2025;+
07.12.2025;+
08.12.2025;Б+
09.12.2025;Б+
10.12.2025;Б+
11.12.2025;Б+
12.12.2025;Б+
13.12.2025;Б+
14.12.2025;Б+
15.12.2025;Б+
16.12.2025;Б+
17.12.2025;Б+
18.12.2025;Б+
19.12.2025;Б+
20.12.2025;Б+
21.12.2025;Б+
22.12.2025;Б+
23.12.2025;Б+
24.12.2025;Б+
25.12.2025;Б+
26.12.2025;Б+
27.12.2025;Б+
28.12.2025;Б+
29.12.2025;Б+
30.12.2025;Б+
31.12.2025;+
