1;Alfa Bond Issuance PLC 8.9 20/07/21;XS1648266788;20.04.2018;24.04.2018;BUY;100000,00;1 291;102,3500;132 133,85;100,0000;102,9240;0;1 291;132 133 850,00;132 133,85;129 100 000,00;132 874 884,00;3 774 884,00;0,00;-3 033 850,00;0,00;3 063 973,29;2 373,33;ДУ-001;СССД_ЦБ
2;Alfa Bond Issuance PLC 8.9 20/07/21;XS1648266788;21.05.2018;23.05.2018;BUY;100000,00;1 090;102,3000;111 507,00;100,0000;102,9240;0;1 090;111 507 000,00;111 507,00;109 000 000,00;112 187 160,00;3 187 160,00;0,00;-2 507 000,00;0,00;2 586 933,30;2 373,33;ДУ-001;СССД_ЦБ
3;RusHydro 7.4 02/15/2021;XS1769724755;09.02.2018;15.02.2018;BUY;100000,00;2 200;100,0000;220 000,00;99,3125;100,9820;0;2 200;220 000 000,00;220 000,00;218 487 500,00;222 160 400,00;3 672 900,00;0,00;-1 512 500,00;0,00;3 185 217,42;1 447,83;ДУ-001;СССД_ЦБ
4;RusHydro 7.4 02/15/2021;XS1769724755;16.01.2019;18.01.2019;BUY;100000,00;1 000;97,8000;97 800,00;99,3125;100,9820;0;1 000;97 800 000,00;97 800,00;99 312 500,00;100 982 000,00;1 669 500,00;0,00;1 512 500,00;0,00;1 447 826,10;1 447,83;ДУ-001;СССД_ЦБ
5;RusHydro 8.125 09/28/2022;XS1691350455;06.06.2018;08.06.2018;BUY;100000,00;5 000;101,9000;509 500,00;100,0000;104,3410;0;5 000;509 500 000,00;509 500,00;500 000 000,00;521 705 000,00;21 705 000,00;0,00;-9 500 000,00;0,00;3 142 265,00;628,45;ДУ-001;СССД_ЦБ
6;RZD Capital PLC 8.8 04/10/25;XS1843442465;03.04.2019;05.04.2019;BUY;100000,00;1 500;100,0156;150 023,33;100,0000;109,7650;0;1 500;150 023 333,33;150 023,33;150 000 000,00;164 647 500,00;14 647 500,00;0,00;-23 333,33;0,00;806 666,70;537,78;ДУ-001;СССД_ЦБ
7;Акрон, 04;RU000A0JRHF3;20.11.2018;20.11.2018;BUY;1000,00;414 617;102,8000;65 745,97;100,0000;100,8000;0;414 617;426 226 276,00;65 745,97;414 617 000,00;417 933 936,00;3 316 936,00;0,00;-11 609 276,00;0,00;11 812 438,33;28,49;ДУ-001;СССД_ЦБ
8;Акрон, 05;RU000A0JRHG1;21.01.2019;21.01.2019;BUY;1000,00;99 999;102,1900;17 128,50;100,0000;100,8500;0;99 999;102 188 978,10;17 128,50;99 999 000,00;100 848 991,50;849 991,50;0,00;-2 189 978,10;0,00;2 848 971,51;28,49;ДУ-001;СССД_ЦБ
9;Акрон-001Р-03;RU000A100YU2;25.10.2019;25.10.2019;BUY;1000,00;50 000;100,0000;13 750,00;100,0000;100,8600;0;50 000;50 000 000,00;13 750,00;50 000 000,00;50 430 000,00;430 000,00;0,00;0,00;0,00;30 000,00;0,60;ДУ-001;СССД_ЦБ
10;Акрон-001Р-03;RU000A100YU2;28.11.2019;28.11.2019;BUY;1000,00;2 000;100,8500;504,25;100,0000;100,8600;0;2 000;2 017 000,00;504,25;2 000 000,00;2 017 200,00;17 200,00;0,00;-17 000,00;13 500,00;1 200,00;0,60;ДУ-001;СССД_ЦБ
11;Акрон-001Р-03;RU000A100YU2;17.12.2019;17.12.2019;BUY;1000,00;9 000;101,1000;2 274,75;100,0000;100,8600;0;9 000;9 099 000,00;2 274,75;9 000 000,00;9 077 400,00;77 400,00;0,00;-99 000,00;94 770,00;5 400,00;0,60;ДУ-001;СССД_ЦБ
12;Акрон-001Р-03;RU000A100YU2;26.12.2019;26.12.2019;BUY;1000,00;2 825;101,1000;714,01;100,0000;100,8600;0;2 825;2 856 075,00;714,01;2 825 000,00;2 849 295,00;24 295,00;0,00;-31 075,00;34 804,00;1 695,00;0,60;ДУ-001;СССД_ЦБ
13;Акрон-001Р-03;RU000A100YU2;26.12.2019;26.12.2019;BUY;1000,00;500;101,3000;126,63;100,0000;100,8600;0;500;506 500,00;126,63;500 000,00;504 300,00;4 300,00;0,00;-6 500,00;6 160,00;300,00;0,60;ДУ-001;СССД_ЦБ
14;Акрон-001Р-03;RU000A100YU2;26.12.2019;26.12.2019;BUY;1000,00;4 000;101,3900;1 013,90;100,0000;100,8600;0;4 000;4 055 600,00;1 013,90;4 000 000,00;4 034 400,00;34 400,00;0,00;-55 600,00;49 280,00;2 400,00;0,60;ДУ-001;СССД_ЦБ
15;Акрон-001Р-03;RU000A100YU2;21.01.2020;22.01.2020;BUY;1000,00;100 000;102,2500;17 137,50;100,0000;100,8600;0;100 000;102 250 000,00;17 137,50;100 000 000,00;100 860 000,00;860 000,00;0,00;-2 250 000,00;1 768 000,00;60 000,00;0,60;ДУ-001;СССД_ЦБ
16;АЛЬФА-БАНК, 002Р-01;RU000A0ZZEW4;02.08.2018;02.08.2018;BUY;1000,00;14 380;100,0500;3 596,80;99,9990;102,0200;0;14 380;14 387 190,00;3 596,80;14 379 858,96;14 670 476,00;290 617,04;0,00;-7 331,04;0,00;267 611,80;18,61;ДУ-001;СССД_ЦБ
17;АЛЬФА-БАНК, 002Р-01;RU000A0ZZEW4;02.08.2018;02.08.2018;BUY;1000,00;5 000;100,0500;1 250,64;99,9990;102,0200;0;5 000;5 002 500,00;1 250,64;4 999 950,96;5 101 000,00;101 049,04;0,00;-2 549,04;0,00;93 050,00;18,61;ДУ-001;СССД_ЦБ
18;АЛЬФА-БАНК, 002Р-01;RU000A0ZZEW4;02.08.2018;02.08.2018;BUY;1000,00;24 799;100,0500;6 202,84;99,9990;102,0200;0;24 799;24 811 399,50;6 202,84;24 798 756,76;25 299 939,80;501 183,04;0,00;-12 642,74;0,00;461 509,39;18,61;ДУ-001;СССД_ЦБ
19;АЛЬФА-БАНК, 002Р-01;RU000A0ZZEW4;02.08.2018;02.08.2018;BUY;1000,00;201;100,0500;50,29;99,9990;102,0200;0;201;201 100,50;50,29;200 998,03;205 060,20;4 062,17;0,00;-102,47;0,00;3 740,61;18,61;ДУ-001;СССД_ЦБ
20;АЛЬФА-БАНК, 002Р-01;RU000A0ZZEW4;02.08.2018;02.08.2018;BUY;1000,00;10 000;100,0000;2 500,00;99,9990;102,0200;0;10 000;10 000 000,00;2 500,00;9 999 901,92;10 202 000,00;202 098,08;0,00;-98,08;0,00;186 100,00;18,61;ДУ-001;СССД_ЦБ
21;АЛЬФА-БАНК, 002Р-01;RU000A0ZZEW4;03.08.2018;03.08.2018;BUY;1000,00;1 956;100,0000;489,00;99,9990;102,0200;0;1 956;1 956 000,00;489,00;1 955 980,81;1 995 511,20;39 530,39;0,00;-19,19;0,00;36 401,16;18,61;ДУ-001;СССД_ЦБ
22;АЛЬФА-БАНК, 002Р-01;RU000A0ZZEW4;06.08.2018;06.08.2018;BUY;1000,00;2 500;100,0000;625,00;99,9990;102,0200;0;2 500;2 500 000,00;625,00;2 499 975,48;2 550 500,00;50 524,52;0,00;-24,52;0,00;46 525,00;18,61;ДУ-001;СССД_ЦБ
23;АЛЬФА-БАНК, 002Р-01;RU000A0ZZEW4;06.08.2018;06.08.2018;BUY;1000,00;2 000;99,9700;499,84;99,9990;102,0200;0;2 000;1 999 400,00;499,84;1 999 980,38;2 040 400,00;40 419,62;0,00;580,38;0,00;37 220,00;18,61;ДУ-001;СССД_ЦБ
24;АЛЬФА-БАНК, 002Р-01;RU000A0ZZEW4;06.08.2018;06.08.2018;BUY;1000,00;10 000;99,9500;2 498,76;99,9990;102,0200;0;10 000;9 995 000,00;2 498,76;9 999 901,92;10 202 000,00;202 098,08;0,00;4 901,92;0,00;186 100,00;18,61;ДУ-001;СССД_ЦБ
25;АЛЬФА-БАНК, 002Р-01;RU000A0ZZEW4;07.08.2018;07.08.2018;BUY;1000,00;5 000;99,9500;1 249,37;99,9990;102,0200;0;5 000;4 997 500,00;1 249,37;4 999 950,96;5 101 000,00;101 049,04;0,00;2 450,96;0,00;93 050,00;18,61;ДУ-001;СССД_ЦБ
26;АЛЬФА-БАНК, 002Р-01;RU000A0ZZEW4;17.09.2019;18.09.2019;BUY;1000,00;100 000;100,8000;16 920,00;99,9990;102,0200;0;100 000;100 800 000,00;16 920,00;99 999 019,16;102 020 000,00;2 020 980,84;0,00;-800 980,84;1 039 000,00;1 861 000,00;18,61;ДУ-001;СССД_ЦБ
27;АЛЬФА-БАНК, 002Р-01;RU000A0ZZEW4;23.09.2019;24.09.2019;BUY;1000,00;349 987;100,9000;54 770,53;99,9990;102,0200;0;349 987;353 136 883,00;54 770,53;349 983 567,19;357 056 737,40;7 073 170,21;0,00;-3 153 315,81;4 091 348,03;6 513 258,07;18,61;ДУ-001;СССД_ЦБ
28;АЛЬФА-БАНК, 002Р-01;RU000A0ZZEW4;23.09.2019;24.09.2019;BUY;1000,00;300 000;100,9000;47 205,00;99,9990;102,0200;0;300 000;302 700 000,00;47 205,00;299 997 057,48;306 060 000,00;6 062 942,52;0,00;-2 702 942,52;3 507 000,00;5 583 000,00;18,61;ДУ-001;СССД_ЦБ
29;АЛЬФА-БАНК, 002Р-05;RU000A100PQ8;09.08.2019;09.08.2019;BUY;1000,00;30 000;100,0000;8 250,00;100,0000;102,4900;0;30 000;30 000 000,00;8 250,00;30 000 000,00;30 747 000,00;747 000,00;0,00;0,00;0,00;506 400,00;16,88;ДУ-001;СССД_ЦБ
30;АЛЬФА-БАНК, БО-15;RU000A0JV0U1;24.03.2020;24.03.2020;BUY;1000,00;12 386;99,4000;3 077,92;99,4000;99,4000;0;12 386;12 311 684,00;3 077,92;12 311 684,00;12 311 684,00;0,00;0,00;0,00;296 768,56;381 612,66;30,81;ДУ-001;СССД_ЦБ
31;АЛЬФА-БАНК, БО-18;RU000A0JX5W4;23.01.2017;23.01.2017;BUY;1000,00;289 000;100,0000;79 475,01;100,0000;99,8600;0;289 000;289 000 000,00;79 475,01;289 000 000,00;288 595 400,00;-404 600,00;0,00;0,00;0,00;5 043 050,00;17,45;ДУ-001;СССД_ЦБ
32;АЛЬФА-БАНК, БО-18;RU000A0JX5W4;19.11.2018;19.11.2018;BUY;1000,00;178 642;101,3000;28 944,65;100,0000;99,8600;0;178 642;180 964 346,00;28 944,65;178 642 000,00;178 391 901,20;-250 098,80;0,00;-2 322 346,00;0,00;3 117 302,90;17,45;ДУ-001;СССД_ЦБ
33;АЛЬФА-БАНК, БО-40;RU000A0ZYU21;22.05.2019;22.05.2019;BUY;1000,00;100 000;98,5500;16 582,50;98,5500;100,1800;0;100 000;98 550 000,00;16 582,50;98 550 000,00;100 180 000,00;1 630 000,00;0,00;0,00;0,00;1 269 000,00;12,69;ДУ-001;СССД_ЦБ
34;"Буровая компания ""Евразия"", БО-001Р-02";RU000A100A33;23.04.2019;23.04.2019;BUY;1000,00;410 000;100,0000;112 750,00;100,0000;102,8698;0;410 000;410 000 000,00;112 750,00;410 000 000,00;421 766 342,19;11 766 342,19;0,00;0,00;0,00;287 000,00;0,70;ДУ-001;СССД_ЦБ
35;"Буровая компания ""Евразия"", БО-001Р-02";RU000A100A33;01.04.2020;01.04.2020;BUY;1000,00;200 000;101,0000;32 100,00;100,0000;102,8698;0;200 000;202 000 000,00;32 100,00;200 000 000,00;205 739 679,12;5 739 679,12;0,00;-2 000 000,00;7 542 000,00;140 000,00;0,70;ДУ-001;СССД_ЦБ
36;"Буровая компания ""Евразия"", БО-001Р-02";RU000A100A33;01.04.2020;01.04.2020;BUY;1000,00;5 957;101,0000;1 504,14;100,0000;102,8698;0;5 957;6 016 570,00;1 504,14;5 957 000,00;6 127 956,34;170 956,34;0,00;-59 570,00;224 638,47;4 169,90;0,70;ДУ-001;СССД_ЦБ
37;"Буровая компания ""Евразия"", БО-001Р-02";RU000A100A33;01.04.2020;01.04.2020;BUY;1000,00;16 462;101,0000;4 156,65;100,0000;102,8698;0;16 462;16 626 620,00;4 156,65;16 462 000,00;16 934 432,99;472 432,99;0,00;-164 620,00;620 782,02;11 523,40;0,70;ДУ-001;СССД_ЦБ
38;"Буровая компания ""Евразия"", БО-001Р-02";RU000A100A33;01.04.2020;01.04.2020;BUY;1000,00;29 090;101,0000;6 207,14;100,0000;102,8698;0;29 090;29 380 900,00;6 207,14;29 090 000,00;29 924 836,33;834 836,33;0,00;-290 900,00;1 096 983,90;20 363,00;0,70;ДУ-001;СССД_ЦБ
39;"Буровая компания ""Евразия"", БО-001Р-02";RU000A100A33;01.04.2020;01.04.2020;BUY;1000,00;21 067;101,0000;4 991,65;100,0000;102,8698;0;21 067;21 277 670,00;4 991,65;21 067 000,00;21 671 589,10;604 589,10;0,00;-210 670,00;794 436,57;14 746,90;0,70;ДУ-001;СССД_ЦБ
40;"Буровая компания ""Евразия"", БО-001Р-02";RU000A100A33;01.04.2020;01.04.2020;BUY;1000,00;4 400;101,0000;1 111,00;100,0000;102,8698;0;4 400;4 444 000,00;1 111,00;4 400 000,00;4 526 272,94;126 272,94;0,00;-44 000,00;165 924,00;3 080,00;0,70;ДУ-001;СССД_ЦБ
41;"Буровая компания ""Евразия"", БО-001Р-02";RU000A100A33;01.04.2020;01.04.2020;BUY;1000,00;11 500;101,0000;2 903,75;100,0000;102,8698;0;11 500;11 615 000,00;2 903,75;11 500 000,00;11 830 031,55;330 031,55;0,00;-115 000,00;433 665,00;8 050,00;0,70;ДУ-001;СССД_ЦБ
42;"Буровая компания ""Евразия"", БО-001Р-02";RU000A100A33;01.04.2020;01.04.2020;BUY;1000,00;4 195;101,0000;1 059,23;100,0000;102,8698;0;4 195;4 236 950,00;1 059,23;4 195 000,00;4 315 389,77;120 389,77;0,00;-41 950,00;158 193,45;2 936,50;0,70;ДУ-001;СССД_ЦБ
43;"Буровая компания ""Евразия"", БО-001Р-02";RU000A100A33;01.04.2020;02.04.2020;BUY;1000,00;5 438;100,9000;1 508,90;100,0000;102,8698;0;5 438;5 486 942,00;1 508,90;5 438 000,00;5 594 061,88;156 061,88;0,00;-48 942,00;206 372,10;3 806,60;0,70;ДУ-001;СССД_ЦБ
44;"Буровая компания ""Евразия"", БО-001Р-02";RU000A100A33;01.04.2020;02.04.2020;BUY;1000,00;50 000;101,0000;13 887,50;100,0000;102,8698;0;50 000;50 500 000,00;13 887,50;50 000 000,00;51 434 919,78;1 434 919,78;0,00;-500 000,00;1 897 500,00;35 000,00;0,70;ДУ-001;СССД_ЦБ
45;"Буровая компания ""Евразия"", БО-001Р-02";RU000A100A33;01.04.2020;02.04.2020;BUY;1000,00;5 000;100,9000;1 387,38;100,0000;102,8698;0;5 000;5 045 000,00;1 387,38;5 000 000,00;5 143 491,98;143 491,98;0,00;-45 000,00;189 750,00;3 500,00;0,70;ДУ-001;СССД_ЦБ
46;"Буровая компания ""Евразия"", БО-001Р-02";RU000A100A33;02.04.2020;03.04.2020;BUY;1000,00;1 250;100,7500;346,33;100,0000;102,8698;0;1 250;1 259 375,00;346,33;1 250 000,00;1 285 872,99;35 872,99;0,00;-9 375,00;47 725,00;875,00;0,70;ДУ-001;СССД_ЦБ
47;"Буровая компания ""Евразия"", БО-001Р-02";RU000A100A33;02.04.2020;03.04.2020;BUY;1000,00;3 660;100,7500;1 014,06;100,0000;102,8698;0;3 660;3 687 450,00;1 014,06;3 660 000,00;3 765 036,13;105 036,13;0,00;-27 450,00;139 738,80;2 562,00;0,70;ДУ-001;СССД_ЦБ
48;"Буровая компания ""Евразия"", БО-001Р-02";RU000A100A33;03.04.2020;06.04.2020;BUY;1000,00;290;100,7500;80,35;100,0000;102,8698;0;290;292 175,00;80,35;290 000,00;298 322,53;8 322,53;0,00;-2 175,00;11 275,20;203,00;0,70;ДУ-001;СССД_ЦБ
49;"Буровая компания ""Евразия"", БО-001Р-02";RU000A100A33;03.04.2020;06.04.2020;BUY;1000,00;640;100,7500;177,33;100,0000;102,8698;0;640;644 800,00;177,33;640 000,00;658 366,97;18 366,97;0,00;-4 800,00;24 883,20;448,00;0,70;ДУ-001;СССД_ЦБ
50;"Буровая компания ""Евразия"", БО-001Р-02";RU000A100A33;03.04.2020;06.04.2020;BUY;1000,00;1 250;100,7500;346,33;100,0000;102,8698;0;1 250;1 259 375,00;346,33;1 250 000,00;1 285 872,99;35 872,99;0,00;-9 375,00;48 600,00;875,00;0,70;ДУ-001;СССД_ЦБ
51;"Буровая компания ""Евразия"", БО-001Р-02";RU000A100A33;08.04.2020;09.04.2020;BUY;1000,00;1 699;101,8000;475,63;100,0000;102,8698;0;1 699;1 729 582,00;475,63;1 699 000,00;1 747 758,57;48 758,57;0,00;-30 582,00;67 263,41;1 189,30;0,70;ДУ-001;СССД_ЦБ
52;"Буровая компания ""Евразия"", БО-001Р-02";RU000A100A33;09.04.2020;10.04.2020;BUY;1000,00;594;101,9000;166,45;100,0000;102,8698;0;594;605 286,00;166,45;594 000,00;611 046,85;17 046,85;0,00;-11 286,00;23 653,08;415,80;0,70;ДУ-001;СССД_ЦБ
53;"Буровая компания ""Евразия"", БО-001Р-03";RU000A100G03;25.07.2019;25.07.2019;BUY;1000,00;117 000;101,6500;27 263,33;100,0000;102,9673;0;117 000;118 930 500,00;27 263,33;117 000 000,00;120 471 750,61;3 471 750,61;0,00;-1 930 500,00;0,00;3 500 640,00;29,92;ДУ-001;СССД_ЦБ
54;"Буровая компания ""Евразия"", БО-001Р-03";RU000A100G03;31.07.2019;31.07.2019;BUY;1000,00;100 000;101,5000;17 025,00;100,0000;102,9673;0;100 000;101 500 000,00;17 025,00;100 000 000,00;102 967 308,22;2 967 308,22;0,00;-1 500 000,00;0,00;2 992 000,00;29,92;ДУ-001;СССД_ЦБ
55;"Буровая компания ""Евразия"", БО-001Р-03";RU000A100G03;31.03.2020;01.04.2020;BUY;1000,00;1 313;101,2500;365,59;100,0000;102,9673;0;1 313;1 329 412,50;365,59;1 313 000,00;1 351 960,76;38 960,76;0,00;-16 412,50;31 722,08;39 284,96;29,92;ДУ-001;СССД_ЦБ
56;"Буровая компания ""Евразия"", БО-001Р-03";RU000A100G03;31.03.2020;01.04.2020;BUY;1000,00;1 987;101,2500;553,26;100,0000;102,9673;0;1 987;2 011 837,50;553,26;1 987 000,00;2 045 960,41;58 960,41;0,00;-24 837,50;48 005,92;59 451,04;29,92;ДУ-001;СССД_ЦБ
57;ВБРР, 001P-05;RU000A1025H2;24.09.2020;24.09.2020;BUY;1000,00;410 000;100,0000;100 450,00;100,0000;100,0000;0;410 000;410 000 000,00;100 450,00;410 000 000,00;410 000 000,00;0,00;0,00;0,00;0,00;2 082 800,00;5,08;ДУ-001;СССД_ЦБ
58;ВБРР, 001Р-02;RU000A0ZYQX9;10.06.2019;10.06.2019;BUY;1000,00;839;99,0000;225,22;99,7818;100,5300;0;839;830 610,00;225,22;837 169,51;843 446,70;6 277,19;0,00;6 559,51;0,00;15 597,01;18,59;ДУ-001;СССД_ЦБ
59;ВБРР, 001Р-02;RU000A0ZYQX9;10.06.2019;10.06.2019;BUY;1000,00;100 000;99,4000;16 710,00;99,7818;100,5300;0;100 000;99 400 000,00;16 710,00;99 781 824,34;100 530 000,00;748 175,66;0,00;381 824,34;0,00;1 859 000,00;18,59;ДУ-001;СССД_ЦБ
60;ВБРР, 001Р-02;RU000A0ZYQX9;14.06.2019;14.06.2019;BUY;1000,00;85 000;99,4000;14 473,50;99,7818;100,5300;0;85 000;84 490 000,00;14 473,50;84 814 550,69;85 450 500,00;635 949,31;0,00;324 550,69;0,00;1 580 150,00;18,59;ДУ-001;СССД_ЦБ
61;ВБРР, 001Р-02;RU000A0ZYQX9;18.06.2019;18.06.2019;BUY;1000,00;75 000;99,4000;12 982,51;99,7818;100,5300;0;75 000;74 550 000,00;12 982,51;74 836 368,26;75 397 500,00;561 131,74;0,00;286 368,26;0,00;1 394 250,00;18,59;ДУ-001;СССД_ЦБ
62;ВБРР, 001Р-02;RU000A0ZYQX9;12.07.2019;12.07.2019;BUY;1000,00;1 404;99,5700;349,61;99,7818;100,5300;0;1 404;1 397 962,80;349,61;1 400 936,81;1 411 441,20;10 504,39;0,00;2 974,01;0,00;26 100,36;18,59;ДУ-001;СССД_ЦБ
63;ВБРР, 001Р-02;RU000A0ZYQX9;25.07.2019;25.07.2019;BUY;1000,00;2 954;99,8000;737,02;99,7818;100,5300;0;2 954;2 948 092,00;737,02;2 947 555,09;2 969 656,20;22 101,11;0,00;-536,91;0,00;54 914,86;18,59;ДУ-001;СССД_ЦБ
64;ВБРР, 001Р-02;RU000A0ZYQX9;25.07.2019;25.07.2019;BUY;1000,00;1 000;99,8000;249,51;99,7818;100,5300;0;1 000;998 000,00;249,51;997 818,24;1 005 300,00;7 481,76;0,00;-181,76;0,00;18 590,00;18,59;ДУ-001;СССД_ЦБ
65;ВБРР, 001Р-02;RU000A0ZYQX9;25.07.2019;25.07.2019;BUY;1000,00;12 410;99,8000;3 096,30;99,7818;100,5300;0;12 410;12 385 180,00;3 096,30;12 382 924,40;12 475 773,00;92 848,60;0,00;-2 255,60;0,00;230 701,90;18,59;ДУ-001;СССД_ЦБ
66;ВБРР, 001Р-02;RU000A0ZYQX9;25.07.2019;25.07.2019;BUY;1000,00;100 000;99,8000;16 770,00;99,7818;100,5300;0;100 000;99 800 000,00;16 770,00;99 781 824,34;100 530 000,00;748 175,66;0,00;-18 175,66;0,00;1 859 000,00;18,59;ДУ-001;СССД_ЦБ
67;ВБРР, 001Р-02;RU000A0ZYQX9;14.08.2019;14.08.2019;BUY;1000,00;37 208;99,9000;9 292,70;99,7818;100,5300;0;37 208;37 170 792,00;9 292,70;37 126 821,20;37 405 202,40;278 381,20;0,00;-43 970,80;95 252,48;691 696,72;18,59;ДУ-001;СССД_ЦБ
68;ВБРР, 001Р-02;RU000A0ZYQX9;12.09.2019;12.09.2019;BUY;1000,00;8 316;100,2500;2 084,20;99,7818;100,5300;0;8 316;8 336 790,00;2 084,20;8 297 856,51;8 360 074,80;62 218,29;0,00;-38 933,49;72 848,16;154 594,44;18,59;ДУ-001;СССД_ЦБ
69;ВБРР, 001Р-02;RU000A0ZYQX9;12.09.2019;12.09.2019;BUY;1000,00;910;100,2500;228,07;99,7818;100,5300;0;910;912 275,00;228,07;908 014,60;914 823,00;6 808,40;0,00;-4 260,40;7 971,60;16 916,90;18,59;ДУ-001;СССД_ЦБ
70;ВБРР, 001Р-02;RU000A0ZYQX9;12.09.2019;12.09.2019;BUY;1000,00;10 000;100,3500;2 508,75;99,7818;100,5300;0;10 000;10 035 000,00;2 508,75;9 978 182,43;10 053 000,00;74 817,57;0,00;-56 817,57;87 600,00;185 900,00;18,59;ДУ-001;СССД_ЦБ
71;ВБРР, 001Р-02;RU000A0ZYQX9;12.09.2019;12.09.2019;BUY;1000,00;3 000;100,3500;752,63;99,7818;100,5300;0;3 000;3 010 500,00;752,63;2 993 454,73;3 015 900,00;22 445,27;0,00;-17 045,27;26 280,00;55 770,00;18,59;ДУ-001;СССД_ЦБ
72;ВБРР, 001Р-02;RU000A0ZYQX9;12.09.2019;12.09.2019;BUY;1000,00;147 000;100,3500;23 927,17;99,7818;100,5300;0;147 000;147 514 500,00;23 927,17;146 679 281,78;147 779 100,00;1 099 818,22;0,00;-835 218,22;1 287 720,00;2 732 730,00;18,59;ДУ-001;СССД_ЦБ
73;ВБРР, 001Р-02;RU000A0ZYQX9;12.09.2019;12.09.2019;BUY;1000,00;400;100,3500;100,35;99,7818;100,5300;0;400;401 400,00;100,35;399 127,30;402 120,00;2 992,70;0,00;-2 272,70;3 504,00;7 436,00;18,59;ДУ-001;СССД_ЦБ
74;ВБРР, 001Р-02;RU000A0ZYQX9;13.09.2019;13.09.2019;BUY;1000,00;9;100,3500;2,25;99,7818;100,5300;0;9;9 031,50;2,25;8 980,36;9 047,70;67,34;0,00;-51,14;80,82;167,31;18,59;ДУ-001;СССД_ЦБ
75;ВБРР, 001Р-02;RU000A0ZYQX9;05.11.2019;05.11.2019;BUY;1000,00;50 000;101,3500;12 668,76;99,7818;100,5300;0;50 000;50 675 000,00;12 668,76;49 890 912,17;50 265 000,00;374 087,83;0,00;-784 087,83;1 015 000,00;929 500,00;18,59;ДУ-001;СССД_ЦБ
76;ВБРР, 001Р-02;RU000A0ZYQX9;27.11.2019;28.11.2019;BUY;1000,00;6 651;101,3500;1 853,71;99,7818;100,5300;0;6 651;6 740 788,50;1 853,71;6 636 489,14;6 686 250,30;49 761,16;0,00;-104 299,36;167 738,22;123 642,09;18,59;ДУ-001;СССД_ЦБ
77;ВБРР, 001Р-02;RU000A0ZYQX9;27.11.2019;28.11.2019;BUY;1000,00;30 000;101,3500;8 361,38;99,7818;100,5300;0;30 000;30 405 000,00;8 361,38;29 934 547,30;30 159 000,00;224 452,70;0,00;-470 452,70;756 600,00;557 700,00;18,59;ДУ-001;СССД_ЦБ
78;ВБРР, 001Р-02;RU000A0ZYQX9;28.11.2019;29.11.2019;BUY;1000,00;4 999;101,4500;1 394,65;99,7818;100,5300;0;4 999;5 071 485,50;1 394,65;4 988 093,40;5 025 494,70;37 401,30;0,00;-83 392,10;127 124,57;92 931,41;18,59;ДУ-001;СССД_ЦБ
79;ВБРР, 001Р-02;RU000A0ZYQX9;29.11.2019;29.11.2019;BUY;1000,00;150 000;101,4500;24 626,25;99,7818;100,5300;0;150 000;152 175 000,00;24 626,25;149 672 736,51;150 795 000,00;1 122 263,49;0,00;-2 502 263,49;3 814 500,00;2 788 500,00;18,59;ДУ-001;СССД_ЦБ
80;ВБРР, 001Р-02;RU000A0ZYQX9;10.12.2019;11.12.2019;BUY;1000,00;1;101,5000;0,27;99,7818;100,5300;0;1;1 015,00;0,27;997,82;1 005,30;7,48;0,00;-17,18;27,99;18,59;18,59;ДУ-001;СССД_ЦБ
81;ВБРР, 001Р-02;RU000A0ZYQX9;11.12.2019;12.12.2019;BUY;1000,00;2;101,4900;0,56;99,7818;100,5300;0;2;2 029,80;0,56;1 995,64;2 010,60;14,96;0,00;-34,16;56,42;37,18;18,59;ДУ-001;СССД_ЦБ
82;ВБРР, 001Р-02;RU000A0ZYQX9;12.12.2019;13.12.2019;BUY;1000,00;1;101,4500;0,27;99,7818;100,5300;0;1;1 014,50;0,27;997,82;1 005,30;7,48;0,00;-16,68;28,42;18,59;18,59;ДУ-001;СССД_ЦБ
83;ВБРР, 001Р-02;RU000A0ZYQX9;16.12.2019;17.12.2019;BUY;1000,00;94;101,4500;26,22;99,7818;100,5300;0;94;95 363,00;26,22;93 794,91;94 498,20;703,29;0,00;-1 568,09;2 752,32;1 747,46;18,59;ДУ-001;СССД_ЦБ
84;ВБРР, 001Р-02;RU000A0ZYQX9;19.12.2019;20.12.2019;BUY;1000,00;8 933;101,7000;2 498,33;99,7818;100,5300;0;8 933;9 084 861,00;2 498,33;8 913 510,37;8 980 344,90;66 834,53;0,00;-171 350,63;267 275,36;166 064,47;18,59;ДУ-001;СССД_ЦБ
85;ВБРР, 001Р-02;RU000A0ZYQX9;20.12.2019;23.12.2019;BUY;1000,00;9 226;101,7000;2 580,27;99,7818;100,5300;0;9 226;9 382 842,00;2 580,27;9 205 871,11;9 274 897,80;69 026,69;0,00;-176 970,89;281 946,56;171 511,34;18,59;ДУ-001;СССД_ЦБ
86;Внешэкономбанк, ПБО-001Р-09;RU000A0JXU71;23.06.2017;23.06.2017;BUY;1000,00;449 110;100,0000;550 000,00;100,0000;102,6614;0;449 110;449 110 000,00;550 000,00;449 110 000,00;461 062 729,44;11 952 729,44;0,00;0,00;0,00;13 886 481,20;30,92;ДУ-001;СССД_ЦБ
87;Внешэкономбанк, ПБО-001Р-09;RU000A0JXU71;26.04.2018;26.04.2018;BUY;1000,00;1;102,8000;0,25;100,0000;102,6614;0;1;1 028,00;0,25;1 000,00;1 026,61;26,61;0,00;-28,00;0,00;30,92;30,92;ДУ-001;СССД_ЦБ
88;Внешэкономбанк, ПБО-001Р-09;RU000A0JXU71;07.08.2019;07.08.2019;BUY;1000,00;20 000;101,5100;4 845,30;100,0000;102,6614;0;20 000;20 302 000,00;4 845,30;20 000 000,00;20 532 285,16;532 285,16;0,00;-302 000,00;0,00;618 400,00;30,92;ДУ-001;СССД_ЦБ
89;Внешэкономбанк, ПБО-001Р-09;RU000A0JXU71;24.09.2019;24.09.2019;BUY;1000,00;60 757;102,0400;15 499,12;100,0000;102,6614;0;60 757;61 996 442,80;15 499,12;60 757 000,00;62 374 002,48;1 617 002,48;0,00;-1 239 442,80;0,00;1 878 606,44;30,92;ДУ-001;СССД_ЦБ
90;Внешэкономбанк, ПБО-001Р-09;RU000A0JXU71;15.10.2019;15.10.2019;BUY;1000,00;11 099;102,5500;2 845,51;100,0000;102,6614;0;11 099;11 382 024,50;2 845,51;11 099 000,00;11 394 391,65;295 391,65;0,00;-283 024,50;0,00;343 181,08;30,92;ДУ-001;СССД_ЦБ
91;Внешэкономбанк, ПБО-001Р-09;RU000A0JXU71;08.11.2019;08.11.2019;BUY;1000,00;148 000;103,0000;24 666,00;100,0000;102,6614;0;148 000;152 440 000,00;24 666,00;148 000 000,00;151 938 910,19;3 938 910,19;0,00;-4 440 000,00;0,00;4 576 160,00;30,92;ДУ-001;СССД_ЦБ
92;Внешэкономбанк, ПБО-001Р-09;RU000A0JXU71;26.11.2019;26.11.2019;BUY;1000,00;22 450;103,0500;5 270,21;100,0000;102,6614;0;22 450;23 134 725,00;5 270,21;22 450 000,00;23 047 490,09;597 490,09;0,00;-684 725,00;0,00;694 154,00;30,92;ДУ-001;СССД_ЦБ
93;Внешэкономбанк, ПБО-001Р-09;RU000A0JXU71;26.11.2019;27.11.2019;BUY;1000,00;152 615;103,1000;43 270,17;100,0000;102,6614;0;152 615;157 346 065,00;43 270,17;152 615 000,00;156 676 734,99;4 061 734,99;0,00;-4 731 065,00;0,00;4 718 855,80;30,92;ДУ-001;СССД_ЦБ
94;Внешэкономбанк, ПБО-001Р-09;RU000A0JXU71;25.12.2019;25.12.2019;BUY;1000,00;32 000;103,2500;6 756,00;100,0000;102,6614;0;32 000;33 040 000,00;6 756,00;32 000 000,00;32 851 656,26;851 656,26;0,00;-1 040 000,00;38 400,00;989 440,00;30,92;ДУ-001;СССД_ЦБ
95;Внешэкономбанк, ПБО-001Р-09;RU000A0JXU71;14.08.2020;14.08.2020;BUY;1000,00;390 000;102,8200;61 949,70;100,0000;102,6614;0;390 000;400 998 000,00;61 949,70;390 000 000,00;400 379 560,64;10 379 560,64;0,00;-10 998 000,00;5 233 800,00;12 058 800,00;30,92;ДУ-001;СССД_ЦБ
96;Внешэкономбанк, ПБО-001Р-12;RU000A0ZZZP3;25.12.2018;25.12.2018;BUY;1000,00;50 000;100,0000;13 750,00;100,0000;104,7119;0;50 000;50 000 000,00;13 750,00;50 000 000,00;52 355 943,14;2 355 943,14;0,00;0,00;0,00;425 500,00;8,51;ДУ-001;СССД_ЦБ
97;Внешэкономбанк, ПБО-001Р-12;RU000A0ZZZP3;21.08.2020;21.08.2020;BUY;1000,00;196 000;104,5700;32 543,58;100,0000;104,7119;0;196 000;204 957 200,00;32 543,58;196 000 000,00;205 235 297,11;9 235 297,11;0,00;-8 957 200,00;2 894 920,00;1 667 960,00;8,51;ДУ-001;СССД_ЦБ
98;Внешэкономбанк, ПБО-001Р-12;RU000A0ZZZP3;21.08.2020;21.08.2020;BUY;1000,00;196 000;104,5700;32 543,58;100,0000;104,7119;0;196 000;204 957 200,00;32 543,58;196 000 000,00;205 235 297,11;9 235 297,11;0,00;-8 957 200,00;2 894 920,00;1 667 960,00;8,51;ДУ-001;СССД_ЦБ
99;Внешэкономбанк, ПБО-001Р-12;RU000A0ZZZP3;25.12.2018;25.12.2018;BUY;1000,00;51 260;100,0000;206 250,00;100,0000;104,7119;0;51 260;51 260 000,00;206 250,00;51 260 000,00;53 675 312,91;2 415 312,91;0,00;0,00;0,00;436 222,60;8,51;ДУ-019;СССД_ЦБ
100;Внешэкономбанк, ПБО-001Р-12;RU000A0ZZZP3;23.01.2019;23.01.2019;BUY;1000,00;50 000;101,2500;9 393,75;100,0000;104,7119;0;50 000;50 625 000,00;9 393,75;50 000 000,00;52 355 943,14;2 355 943,14;0,00;-625 000,00;0,00;425 500,00;8,51;ДУ-019;СССД_ЦБ
101;Внешэкономбанк, ПБО-001Р-12;RU000A0ZZZP3;24.01.2019;24.01.2019;BUY;1000,00;19 500;101,2500;4 761,56;100,0000;104,7119;0;19 500;19 743 750,00;4 761,56;19 500 000,00;20 418 817,82;918 817,82;0,00;-243 750,00;0,00;165 945,00;8,51;ДУ-019;СССД_ЦБ
102;Внешэкономбанк, ПБО-001Р-12;RU000A0ZZZP3;28.05.2019;28.05.2019;BUY;1000,00;6;102,1600;1,53;100,0000;104,7119;0;6;6 129,60;1,53;6 000,00;6 282,71;282,71;0,00;-129,60;0,00;51,06;8,51;ДУ-019;СССД_ЦБ
103;Внешэкономбанк, ПБО-001Р-12;RU000A0ZZZP3;28.05.2019;28.05.2019;BUY;1000,00;580;102,2000;148,18;100,0000;104,7119;0;580;592 760,00;148,18;580 000,00;607 328,94;27 328,94;0,00;-12 760,00;0,00;4 935,80;8,51;ДУ-019;СССД_ЦБ
104;Внешэкономбанк, ПБО-001Р-12;RU000A0ZZZP3;28.05.2019;28.05.2019;BUY;1000,00;4;102,2000;1,02;100,0000;104,7119;0;4;4 088,00;1,02;4 000,00;4 188,48;188,48;0,00;-88,00;0,00;34,04;8,51;ДУ-019;СССД_ЦБ
105;Внешэкономбанк, ПБО-001Р-12;RU000A0ZZZP3;28.05.2019;28.05.2019;BUY;1000,00;15;102,2000;3,84;100,0000;104,7119;0;15;15 330,00;3,84;15 000,00;15 706,78;706,78;0,00;-330,00;0,00;127,65;8,51;ДУ-019;СССД_ЦБ
106;Внешэкономбанк, ПБО-001Р-12;RU000A0ZZZP3;28.06.2019;28.06.2019;BUY;1000,00;16 820;102,7500;4 320,65;100,0000;104,7119;0;16 820;17 282 550,00;4 320,65;16 820 000,00;17 612 539,27;792 539,27;0,00;-462 550,00;0,00;143 138,20;8,51;ДУ-019;СССД_ЦБ
107;Внешэкономбанк, ПБО-001Р-12;RU000A0ZZZP3;28.06.2019;28.06.2019;BUY;1000,00;1;102,7000;0,25;100,0000;104,7119;0;1;1 027,00;0,25;1 000,00;1 047,12;47,12;0,00;-27,00;0,00;8,51;8,51;ДУ-019;СССД_ЦБ
108;Внешэкономбанк, ПБО-001Р-12;RU000A0ZZZP3;07.11.2019;07.11.2019;BUY;1000,00;1 016;104,5700;265,60;100,0000;104,7119;0;1 016;1 062 431,20;265,60;1 016 000,00;1 063 872,76;47 872,76;0,00;-46 431,20;0,00;8 646,16;8,51;ДУ-019;СССД_ЦБ
109;Внешэкономбанк, ПБО-001Р-12;RU000A0ZZZP3;07.11.2019;07.11.2019;BUY;1000,00;100;104,5700;26,14;100,0000;104,7119;0;100;104 570,00;26,14;100 000,00;104 711,89;4 711,89;0,00;-4 570,00;0,00;851,00;8,51;ДУ-019;СССД_ЦБ
110;Внешэкономбанк, ПБО-001Р-12;RU000A0ZZZP3;07.11.2019;07.11.2019;BUY;1000,00;10;104,5700;2,61;100,0000;104,7119;0;10;10 457,00;2,61;10 000,00;10 471,19;471,19;0,00;-457,00;0,00;85,10;8,51;ДУ-019;СССД_ЦБ
111;Внешэкономбанк, ПБО-001Р-12;RU000A0ZZZP3;07.11.2019;07.11.2019;BUY;1000,00;2;104,5700;0,52;100,0000;104,7119;0;2;2 091,40;0,52;2 000,00;2 094,24;94,24;0,00;-91,40;0,00;17,02;8,51;ДУ-019;СССД_ЦБ
112;Внешэкономбанк, ПБО-001Р-12;RU000A0ZZZP3;27.05.2020;28.05.2020;BUY;1000,00;2 541;104,8000;732,32;100,0000;104,7119;0;2 541;2 662 968,00;732,32;2 541 000,00;2 660 729,03;119 729,03;0,00;-121 968,00;41 367,48;21 623,91;8,51;ДУ-019;СССД_ЦБ
113;Внешэкономбанк, ПБО-001Р-12;RU000A0ZZZP3;27.05.2020;28.05.2020;BUY;1000,00;100;104,8000;28,82;100,0000;104,7119;0;100;104 800,00;28,82;100 000,00;104 711,89;4 711,89;0,00;-4 800,00;1 628,00;851,00;8,51;ДУ-019;СССД_ЦБ
114;Внешэкономбанк, ПБО-001Р-12;RU000A0ZZZP3;27.05.2020;28.05.2020;BUY;1000,00;450;104,8000;129,69;100,0000;104,7119;0;450;471 600,00;129,69;450 000,00;471 203,49;21 203,49;0,00;-21 600,00;7 326,00;3 829,50;8,51;ДУ-019;СССД_ЦБ
115;ВЭБ.РФ, ПБО-001P-21;RU000A101WF5;24.07.2020;24.07.2020;BUY;1000,00;556 000;100,0000;152 900,00;99,9342;100,0067;0;556 000;556 000 000,00;152 900,00;555 634 280,41;556 037 460,88;403 180,47;0,00;-365 719,59;0,00;8 217 680,00;14,78;ДУ-001;СССД_ЦБ
116;ВЭБ.РФ, ПБО-001P-21;RU000A101WF5;24.07.2020;24.07.2020;BUY;1000,00;120 000;100,0000;33 000,00;99,9342;100,0067;0;120 000;120 000 000,00;33 000,00;119 921 067,71;120 008 085,08;87 017,37;0,00;-78 932,29;0,00;1 773 600,00;14,78;ДУ-001;СССД_ЦБ
117;ВЭБ.РФ, ПБО-001P-21;RU000A101WF5;17.08.2020;17.08.2020;BUY;1000,00;57 000;100,0800;10 356,84;99,9342;100,0067;0;57 000;57 045 600,00;10 356,84;56 962 507,16;57 003 840,41;41 333,25;0,00;-83 092,84;214 890,00;842 460,00;14,78;ДУ-001;СССД_ЦБ
118;ВЭБ.РФ, ПБО-001P-21;RU000A101WF5;31.08.2020;01.09.2020;BUY;1000,00;50 000;99,7500;12 219,38;99,9342;100,0067;0;50 000;49 875 000,00;12 219,38;49 967 111,55;50 003 368,78;36 257,24;0,00;92 111,55;306 500,00;739 000,00;14,78;ДУ-001;СССД_ЦБ
119;ВЭБ.РФ, ПБО-001P-21;RU000A101WF5;01.09.2020;01.09.2020;BUY;1000,00;300 000;99,8100;37 731,58;99,9342;100,0067;0;300 000;299 430 000,00;37 731,58;299 802 669,28;300 020 212,70;217 543,42;0,00;372 669,28;1 839 000,00;4 434 000,00;14,78;ДУ-001;СССД_ЦБ
120;ВЭБ.РФ, ПБО-001P-21;RU000A101WF5;21.09.2020;22.09.2020;BUY;1000,00;188;99,8000;45,97;99,9342;100,0067;0;188;187 624,00;45,97;187 876,34;188 012,67;136,33;0,00;252,34;1 774,72;2 778,64;14,78;ДУ-001;СССД_ЦБ
121;ВЭБ.РФ, ПБО-001P-21;RU000A101WF5;23.09.2020;24.09.2020;BUY;1000,00;50 000;99,9000;7 794,00;99,9342;100,0067;0;50 000;49 950 000,00;7 794,00;49 967 111,55;50 003 368,78;36 257,24;0,00;17 111,55;487 500,00;739 000,00;14,78;ДУ-001;СССД_ЦБ
122;ВЭБ.РФ, ПБО-001P-21;RU000A101WF5;24.07.2020;24.07.2020;BUY;1000,00;286 000;100,0000;78 650,00;99,9907;100,0067;0;286 000;286 000 000,00;78 650,00;285 973 343,69;286 019 269,45;45 925,76;0,00;-26 656,31;0,00;4 227 080,00;14,78;ДУ-019;СССД_ЦБ
123;ВЭБ.РФ, ПБО-001P-21;RU000A101WF5;31.08.2020;01.09.2020;BUY;1000,00;16 997;99,9000;4 160,10;99,9907;100,0067;0;16 997;16 980 003,00;4 160,10;16 995 415,81;16 998 145,18;2 729,37;0,00;15 412,81;104 191,61;251 215,66;14,78;ДУ-019;СССД_ЦБ
124;ВЭБ.РФ, ПБО-001P-21;RU000A101WF5;31.08.2020;01.09.2020;BUY;1000,00;3;99,9000;0,74;99,9907;100,0067;0;3;2 997,00;0,74;2 999,72;3 000,20;0,48;0,00;2,72;18,39;44,34;14,78;ДУ-019;СССД_ЦБ
125;ВЭБ.РФ, ПБО-001P-21;RU000A101WF5;02.09.2020;03.09.2020;BUY;1000,00;4 000;99,7100;977,16;99,9907;100,0067;0;4 000;3 988 400,00;977,16;3 999 627,18;4 000 269,50;642,32;0,00;11 227,18;25 800,00;59 120,00;14,78;ДУ-019;СССД_ЦБ
126;ВЭБ.РФ, ПБО-001P-21;RU000A101WF5;23.09.2020;24.09.2020;BUY;1000,00;2 000;99,9900;489,96;99,9907;100,0067;0;2 000;1 999 800,00;489,96;1 999 813,59;2 000 134,75;321,16;0,00;13,59;19 500,00;29 560,00;14,78;ДУ-019;СССД_ЦБ
127;ВЭБ.РФ-ПБО-001Р-16;RU000A100BM7;30.04.2019;30.04.2019;BUY;1000,00;2 000;100,0000;550,00;100,0000;103,3300;0;2 000;2 000 000,00;550,00;2 000 000,00;2 066 600,00;66 600,00;0,00;0,00;0,00;85 980,00;42,99;ДУ-001;СССД_ЦБ
128;ВЭБ.РФ-ПБО-001Р-16;RU000A100BM7;26.07.2019;26.07.2019;BUY;1000,00;200 000;102,0000;32 400,00;100,0000;103,3300;0;200 000;204 000 000,00;32 400,00;200 000 000,00;206 660 000,00;6 660 000,00;0,00;-4 000 000,00;0,00;8 598 000,00;42,99;ДУ-001;СССД_ЦБ
129;ВЭБ.РФ-ПБО-001Р-16;RU000A100BM7;24.09.2019;24.09.2019;BUY;1000,00;110 042;102,8000;18 768,48;100,0000;103,3300;0;110 042;113 123 176,00;18 768,48;110 042 000,00;113 706 398,60;3 664 398,60;0,00;-3 081 176,00;0,00;4 730 705,58;42,99;ДУ-001;СССД_ЦБ
130;ВЭБ.РФ-ПБО-001Р-16;RU000A100BM7;20.11.2019;20.11.2019;BUY;1000,00;3 926;104,1500;1 022,23;100,0000;103,3300;0;3 926;4 088 929,00;1 022,23;3 926 000,00;4 056 735,80;130 735,80;0,00;-162 929,00;20 532,98;168 778,74;42,99;ДУ-001;СССД_ЦБ
131;ВЭБ.РФ-ПБО-001Р-16;RU000A100BM7;20.11.2019;20.11.2019;BUY;1000,00;1;104,1500;0,26;100,0000;103,3300;0;1;1 041,50;0,26;1 000,00;1 033,30;33,30;0,00;-41,50;5,23;42,99;42,99;ДУ-001;СССД_ЦБ
132;ВЭБ.РФ-ПБО-001Р-16;RU000A100BM7;23.12.2019;24.12.2019;BUY;1000,00;74 000;104,3500;13 382,85;100,0000;103,3300;0;74 000;77 219 000,00;13 382,85;74 000 000,00;76 464 200,00;2 464 200,00;0,00;-3 219 000,00;984 200,00;3 181 260,00;42,99;ДУ-001;СССД_ЦБ
133;ВЭБ.РФ-ПБО-001Р-17;RU000A100GY1;27.06.2019;27.06.2019;BUY;1000,00;214 899;100,0000;59 125,16;100,0000;104,3140;0;214 899;214 899 000,00;59 125,16;214 899 000,00;224 169 831,35;9 270 831,35;0,00;0,00;0,00;5 901 126,54;27,46;ДУ-001;СССД_ЦБ
134;ВЭБ.РФ-ПБО-001Р-17;RU000A100GY1;31.07.2019;31.07.2019;BUY;1000,00;50 000;100,8000;9 360,00;100,0000;104,3140;0;50 000;50 400 000,00;9 360,00;50 000 000,00;52 157 020,59;2 157 020,59;0,00;-400 000,00;0,00;1 373 000,00;27,46;ДУ-001;СССД_ЦБ
135;ВЭБ.РФ-ПБО-001Р-17;RU000A100GY1;31.07.2019;31.07.2019;BUY;1000,00;50 000;100,8000;9 360,00;100,0000;104,3140;0;50 000;50 400 000,00;9 360,00;50 000 000,00;52 157 020,59;2 157 020,59;0,00;-400 000,00;0,00;1 373 000,00;27,46;ДУ-001;СССД_ЦБ
136;ВЭБ.РФ-ПБО-001Р-17;RU000A100GY1;15.08.2019;15.08.2019;BUY;1000,00;86 670;100,7300;14 895,40;100,0000;104,3140;0;86 670;87 302 691,00;14 895,40;86 670 000,00;90 408 979,49;3 738 979,49;0,00;-632 691,00;0,00;2 379 958,20;27,46;ДУ-001;СССД_ЦБ
137;ВЭБ.РФ-ПБО-001Р-17;RU000A100GY1;26.11.2019;26.11.2019;BUY;1000,00;49 732;103,9000;9 550,73;100,0000;104,3140;0;49 732;51 671 548,00;9 550,73;49 732 000,00;51 877 458,96;2 145 458,96;0,00;-1 939 548,00;0,00;1 365 640,72;27,46;ДУ-001;СССД_ЦБ
138;ВЭБ.РФ-ПБО-001Р-17;RU000A100GY1;26.11.2019;27.11.2019;BUY;1000,00;433;102,7000;122,28;100,0000;104,3140;0;433;444 691,00;122,28;433 000,00;451 679,80;18 679,80;0,00;-11 691,00;0,00;11 890,18;27,46;ДУ-001;СССД_ЦБ
139;ВЭБ.РФ-ПБО-001Р-17;RU000A100GY1;26.11.2019;27.11.2019;BUY;1000,00;9;103,6800;2,57;100,0000;104,3140;0;9;9 331,20;2,57;9 000,00;9 388,26;388,26;0,00;-331,20;0,00;247,14;27,46;ДУ-001;СССД_ЦБ
140;ВЭБ.РФ-ПБО-001Р-17;RU000A100GY1;26.11.2019;27.11.2019;BUY;1000,00;495;103,6900;141,15;100,0000;104,3140;0;495;513 265,50;141,15;495 000,00;516 354,50;21 354,50;0,00;-18 265,50;0,00;13 592,70;27,46;ДУ-001;СССД_ЦБ
141;ВЭБ.РФ-ПБО-001Р-17;RU000A100GY1;26.11.2019;27.11.2019;BUY;1000,00;184;103,7000;52,47;100,0000;104,3140;0;184;190 808,00;52,47;184 000,00;191 937,84;7 937,84;0,00;-6 808,00;0,00;5 052,64;27,46;ДУ-001;СССД_ЦБ
142;ВЭБ.РФ-ПБО-001Р-17;RU000A100GY1;26.11.2019;27.11.2019;BUY;1000,00;5;103,7000;1,43;100,0000;104,3140;0;5;5 185,00;1,43;5 000,00;5 215,70;215,70;0,00;-185,00;0,00;137,30;27,46;ДУ-001;СССД_ЦБ
143;ВЭБ.РФ-ПБО-001Р-17;RU000A100GY1;26.11.2019;27.11.2019;BUY;1000,00;7;103,7000;2,00;100,0000;104,3140;0;7;7 259,00;2,00;7 000,00;7 301,98;301,98;0,00;-259,00;0,00;192,22;27,46;ДУ-001;СССД_ЦБ
144;ВЭБ.РФ-ПБО-001Р-17;RU000A100GY1;20.12.2019;23.12.2019;BUY;1000,00;4 444;104,1500;1 272,83;100,0000;104,3140;0;4 444;4 628 426,00;1 272,83;4 444 000,00;4 635 715,99;191 715,99;0,00;-184 426,00;0,00;122 032,24;27,46;ДУ-001;СССД_ЦБ
145;ВЭБ.РФ-ПБО-001Р-17;RU000A100GY1;28.01.2020;29.01.2020;BUY;1000,00;900;104,9500;259,75;100,0000;104,3140;0;900;944 550,00;259,75;900 000,00;938 826,37;38 826,37;0,00;-44 550,00;6 831,00;24 714,00;27,46;ДУ-001;СССД_ЦБ
146;ВЭБ.РФ-ПБО-001Р-17;RU000A100GY1;28.01.2020;29.01.2020;BUY;1000,00;300;104,9500;86,59;100,0000;104,3140;0;300;314 850,00;86,59;300 000,00;312 942,12;12 942,12;0,00;-14 850,00;2 277,00;8 238,00;27,46;ДУ-001;СССД_ЦБ
147;ВЭБ.РФ-ПБО-001Р-17;RU000A100GY1;28.01.2020;29.01.2020;BUY;1000,00;600;104,9500;173,17;100,0000;104,3140;0;600;629 700,00;173,17;600 000,00;625 884,25;25 884,25;0,00;-29 700,00;4 554,00;16 476,00;27,46;ДУ-001;СССД_ЦБ
148;ВЭБ.РФ-ПБО-001Р-17;RU000A100GY1;28.01.2020;29.01.2020;BUY;1000,00;2 200;104,9500;634,95;100,0000;104,3140;0;2 200;2 308 900,00;634,95;2 200 000,00;2 294 908,91;94 908,91;0,00;-108 900,00;16 698,00;60 412,00;27,46;ДУ-001;СССД_ЦБ
149;ВЭБ.РФ-ПБО-001Р-17;RU000A100GY1;06.04.2020;07.04.2020;BUY;1000,00;100 000;101,9100;17 086,51;100,0000;104,3140;0;100 000;101 910 000,00;17 086,51;100 000 000,00;104 314 041,18;4 314 041,18;0,00;-1 910 000,00;2 300 000,00;2 746 000,00;27,46;ДУ-001;СССД_ЦБ
150;ВЭБ.РФ-ПБО-001Р-17;RU000A100GY1;06.11.2019;06.11.2019;BUY;1000,00;100 000;103,7200;17 358,00;100,0000;104,3140;0;100 000;103 720 000,00;17 358,00;100 000 000,00;104 314 041,18;4 314 041,18;0,00;-3 720 000,00;0,00;2 746 000,00;27,46;ДУ-019;СССД_ЦБ
151;ВЭБ.РФ-ПБО-001Р-17;RU000A100GY1;03.12.2019;04.12.2019;BUY;1000,00;54;104,1000;15,46;100,0000;104,3140;0;54;56 214,00;15,46;54 000,00;56 329,58;2 329,58;0,00;-2 214,00;0,00;1 482,84;27,46;ДУ-019;СССД_ЦБ
152;ВЭБ.РФ-ПБО-001Р-17;RU000A100GY1;20.12.2019;23.12.2019;BUY;1000,00;3 858;104,1500;1 104,98;100,0000;104,3140;0;3 858;4 018 107,00;1 104,98;3 858 000,00;4 024 435,71;166 435,71;0,00;-160 107,00;0,00;105 940,68;27,46;ДУ-019;СССД_ЦБ
153;ВЭБ.РФ-ПБО-001Р-17;RU000A100GY1;09.01.2020;10.01.2020;BUY;1000,00;2 583;104,6500;743,36;100,0000;104,3140;0;2 583;2 703 109,50;743,36;2 583 000,00;2 694 431,68;111 431,68;0,00;-120 109,50;8 653,05;70 929,18;27,46;ДУ-019;СССД_ЦБ
154;ВЭБ.РФ-ПБО-001Р-17;RU000A100GY1;09.01.2020;10.01.2020;BUY;1000,00;1 417;104,6500;407,79;100,0000;104,3140;0;1 417;1 482 890,50;407,79;1 417 000,00;1 478 129,96;61 129,96;0,00;-65 890,50;4 746,95;38 910,82;27,46;ДУ-019;СССД_ЦБ
155;ВЭБ.РФ-ПБО-001Р-17;RU000A100GY1;20.04.2020;21.04.2020;BUY;1000,00;136 000;104,2500;38 989,50;100,0000;104,3140;0;136 000;141 780 000,00;38 989,50;136 000 000,00;141 867 096,00;5 867 096,00;0,00;-5 780 000,00;3 552 320,00;3 734 560,00;27,46;ДУ-019;СССД_ЦБ
156;ВЭБ.РФ-ПБО-001Р-18;RU000A1013P1;15.01.2020;15.01.2020;BUY;1000,00;100 000;101,6000;17 040,00;100,0000;102,0800;0;100 000;101 600 000,00;17 040,00;100 000 000,00;102 079 983,04;2 079 983,04;0,00;-1 600 000,00;996 000,00;3 047 000,00;30,47;ДУ-001;СССД_ЦБ
157;ВЭБ.РФ-ПБО-001Р-18;RU000A1013P1;18.06.2020;19.06.2020;BUY;1000,00;1 000;104,5000;287,38;100,0000;102,0800;0;1 000;1 045 000,00;287,38;1 000 000,00;1 020 799,83;20 799,83;0,00;-45 000,00;4 780,00;30 470,00;30,47;ДУ-001;СССД_ЦБ
158;ВЭБ.РФ-ПБО-001Р-18;RU000A1013P1;22.06.2020;22.06.2020;BUY;1000,00;14 579;104,7500;3 817,88;100,0000;102,0800;0;14 579;15 271 502,50;3 817,88;14 579 000,00;14 882 240,73;303 240,73;0,00;-692 502,50;78 435,02;444 222,13;30,47;ДУ-001;СССД_ЦБ
159;ВЭБ.РФ-ПБО-001Р-5;RU000A0JX4Q9;25.06.2019;25.06.2019;BUY;1000,00;150 000;103,9500;25 188,83;100,0000;103,2600;0;150 000;155 925 000,00;25 188,83;150 000 000,00;154 890 000,00;4 890 000,00;0,00;-5 925 000,00;0,00;4 933 500,00;32,89;ДУ-001;СССД_ЦБ
160;ВЭБ.РФ-ПБО-001Р-5;RU000A0JX4Q9;09.09.2019;10.09.2019;BUY;1000,00;139 555;104,7500;23 727,58;100,0000;103,2600;0;139 555;146 183 862,50;23 727,58;139 555 000,00;144 104 493,00;4 549 493,00;0,00;-6 628 862,50;0,00;4 589 963,95;32,89;ДУ-001;СССД_ЦБ
161;ВЭБ.РФ-ПБО-001Р-5;RU000A0JX4Q9;11.09.2019;11.09.2019;BUY;1000,00;47 000;104,7100;9 182,06;100,0000;103,2600;0;47 000;49 213 700,00;9 182,06;47 000 000,00;48 532 200,00;1 532 200,00;0,00;-2 213 700,00;0,00;1 545 830,00;32,89;ДУ-001;СССД_ЦБ
162;Газпром нефть, 001P-03R;RU000A0ZYDS7;22.06.2020;22.06.2020;BUY;1000,00;310 000;105,0000;55 350,00;100,0000;105,0806;0;310 000;325 500 000,00;55 350,00;310 000 000,00;325 749 770,97;15 749 770,97;0,00;-15 500 000,00;4 200 500,00;468 100,00;1,51;ДУ-001;СССД_ЦБ
163;Газпромбанк, 001Р-03Р;RU000A0ZZXM5;05.09.2019;05.09.2019;BUY;1000,00;59 400;103,0300;10 979,97;100,0000;105,2000;0;59 400;61 199 820,00;10 979,97;59 400 000,00;62 488 800,00;3 088 800,00;0,00;-1 799 820,00;0,00;1 966 140,00;33,10;ДУ-001;СССД_ЦБ
164;Газпромбанк, 001Р-09Р;RU000A100AF3;23.04.2019;23.04.2019;BUY;1000,00;150 000;100,0000;41 250,00;100,0000;104,2800;0;150 000;150 000 000,00;41 250,00;150 000 000,00;156 420 000,00;6 420 000,00;0,00;0,00;0,00;108 000,00;0,72;ДУ-001;СССД_ЦБ
165;Газпромбанк, 001Р-09Р;RU000A100AF3;04.06.2019;04.06.2019;BUY;1000,00;12 800;101,0000;3 232,03;100,0000;104,2800;0;12 800;12 928 000,00;3 232,03;12 800 000,00;13 347 840,00;547 840,00;0,00;-128 000,00;0,00;9 216,00;0,72;ДУ-001;СССД_ЦБ
166;Газпромбанк, 001Р-09Р;RU000A100AF3;25.07.2019;25.07.2019;BUY;1000,00;141 000;102,0500;23 383,57;100,0000;104,2800;0;141 000;143 890 500,00;23 383,57;141 000 000,00;147 034 800,00;6 034 800,00;0,00;-2 890 500,00;0,00;101 520,00;0,72;ДУ-001;СССД_ЦБ
167;Газпромбанк, 001Р-11Р;RU000A100HH4;01.07.2019;01.07.2019;BUY;1000,00;80 000;100,0000;22 000,00;100,0000;107,5000;0;80 000;80 000 000,00;22 000,00;80 000 000,00;86 000 000,00;6 000 000,00;0,00;0,00;0,00;2 102 400,00;26,28;ДУ-001;СССД_ЦБ
168;Газпромбанк, 001Р-11Р;RU000A100HH4;18.07.2019;18.07.2019;BUY;1000,00;50 000;101,1500;9 386,25;100,0000;107,5000;0;50 000;50 575 000,00;9 386,25;50 000 000,00;53 750 000,00;3 750 000,00;0,00;-575 000,00;191 000,00;1 314 000,00;26,28;ДУ-001;СССД_ЦБ
169;Газпромбанк, 001Р-11Р;RU000A100HH4;23.07.2019;23.07.2019;BUY;1000,00;17 000;101,0000;4 292,51;100,0000;107,5000;0;17 000;17 170 000,00;4 292,51;17 000 000,00;18 275 000,00;1 275 000,00;0,00;-170 000,00;83 980,00;446 760,00;26,28;ДУ-001;СССД_ЦБ
170;Газпромбанк, 001Р-11Р;RU000A100HH4;23.07.2019;23.07.2019;BUY;1000,00;331 000;101,0000;51 946,50;100,0000;107,5000;0;331 000;334 310 000,00;51 946,50;331 000 000,00;355 825 000,00;24 825 000,00;0,00;-3 310 000,00;1 635 140,00;8 698 680,00;26,28;ДУ-019;СССД_ЦБ
171;Газпромбанк, 001Р-11Р;RU000A100HH4;13.08.2019;13.08.2019;BUY;1000,00;70;101,2500;17,72;100,0000;107,5000;0;70;70 875,00;17,72;70 000,00;75 250,00;5 250,00;0,00;-875,00;676,20;1 839,60;26,28;ДУ-019;СССД_ЦБ
172;Газпромбанк, 001Р-11Р;RU000A100HH4;13.08.2019;13.08.2019;BUY;1000,00;1;101,2500;0,25;100,0000;107,5000;0;1;1 012,50;0,25;1 000,00;1 075,00;75,00;0,00;-12,50;9,66;26,28;26,28;ДУ-019;СССД_ЦБ
173;Газпромбанк, 001Р-11Р;RU000A100HH4;14.08.2019;14.08.2019;BUY;1000,00;411;101,1000;103,88;100,0000;107,5000;0;411;415 521,00;103,88;411 000,00;441 825,00;30 825,00;0,00;-4 521,00;4 060,68;10 801,08;26,28;ДУ-019;СССД_ЦБ
174;Газпромбанк, 001Р-13Р;RU000A100VR4;30.09.2019;30.09.2019;BUY;1000,00;250 000;100,0000;68 750,00;100,0000;104,1000;0;250 000;250 000 000,00;68 750,00;250 000 000,00;260 250 000,00;10 250 000,00;0,00;0,00;0,00;1 317 500,00;5,27;ДУ-001;СССД_ЦБ
175;Газпромбанк, 001Р-13Р;RU000A100VR4;26.11.2019;27.11.2019;BUY;1000,00;50 000;101,6500;9 423,75;100,0000;104,1000;0;50 000;50 825 000,00;9 423,75;50 000 000,00;52 050 000,00;2 050 000,00;0,00;-825 000,00;588 000,00;263 500,00;5,27;ДУ-001;СССД_ЦБ
176;Газпромбанк, 001Р-14Р;RU000A101350;22.05.2020;22.05.2020;BUY;1000,00;5 000;103,5000;1 293,75;100,0000;101,1512;0;5 000;5 175 000,00;1 293,75;5 000 000,00;5 057 560,88;57 560,88;0,00;-175 000,00;0,00;148 400,00;29,68;ДУ-001;СССД_ЦБ
177;Газпромбанк, 001Р-14Р;RU000A101350;21.01.2020;21.01.2020;BUY;1000,00;9 900;100,8500;2 496,04;100,0000;101,1512;0;9 900;9 984 150,00;2 496,04;9 900 000,00;10 013 970,55;113 970,55;0,00;-84 150,00;112 266,00;293 832,00;29,68;ДУ-019;СССД_ЦБ
178;Газпромбанк, 001Р-14Р;RU000A101350;21.01.2020;21.01.2020;BUY;1000,00;98 000;100,8700;16 627,89;100,0000;101,1512;0;98 000;98 852 600,00;16 627,89;98 000 000,00;99 128 193,33;1 128 193,33;0,00;-852 600,00;1 111 320,00;2 908 640,00;29,68;ДУ-019;СССД_ЦБ
179;Газпромбанк, 001Р-14Р;RU000A101350;22.05.2020;22.05.2020;BUY;1000,00;7 000;103,5000;1 811,25;100,0000;101,1512;0;7 000;7 245 000,00;1 811,25;7 000 000,00;7 080 585,24;80 585,24;0,00;-245 000,00;0,00;207 760,00;29,68;ДУ-019;СССД_ЦБ
180;Газпромбанк, БО-17;RU000A0ZYEE5;30.07.2020;30.07.2020;BUY;1000,00;44 900;103,0000;8 737,05;100,0000;102,9800;0;44 900;46 247 000,00;8 737,05;44 900 000,00;46 238 020,00;1 338 020,00;0,00;-1 347 000,00;895 755,00;1 761 427,00;39,23;ДУ-001;СССД_ЦБ
181;"ГМК ""Норильский никель"", БО-001Р-01";RU000A100VQ6;01.10.2019;01.10.2019;BUY;1000,00;50 000;100,0000;13 750,00;99,2636;102,2335;0;50 000;50 000 000,00;13 750,00;49 631 824,90;51 116 754,70;1 484 929,81;0,00;-368 175,10;0,00;266 500,00;5,33;ДУ-001;СССД_ЦБ
182;"ГМК ""Норильский никель"", БО-001Р-01";RU000A100VQ6;13.03.2020;13.03.2020;BUY;1000,00;4 970;96,7500;1 202,12;99,2636;102,2335;0;4 970;4 808 475,00;1 202,12;4 933 403,39;5 081 005,42;147 602,02;0,00;124 928,39;160 779,50;26 490,10;5,33;ДУ-001;СССД_ЦБ
183;"ГМК ""Норильский никель"", БО-001Р-01";RU000A100VQ6;17.03.2020;17.03.2020;BUY;1000,00;1 140;96,1500;274,03;99,2636;102,2335;0;1 140;1 096 110,00;274,03;1 131 605,61;1 165 462,01;33 856,40;0,00;35 495,61;37 779,60;6 076,20;5,33;ДУ-001;СССД_ЦБ
184;"ГМК ""Норильский никель"", БО-001Р-01";RU000A100VQ6;17.03.2020;17.03.2020;BUY;1000,00;3 466;96,1500;833,14;99,2636;102,2335;0;3 466;3 332 559,00;833,14;3 440 478,10;3 543 413,44;102 935,33;0,00;107 919,10;114 863,24;18 473,78;5,33;ДУ-001;СССД_ЦБ
185;"ГМК ""Норильский никель"", БО-001Р-01";RU000A100VQ6;17.03.2020;17.03.2020;BUY;1000,00;1;96,1500;0,24;99,2636;102,2335;0;1;961,50;0,24;992,64;1 022,34;29,70;0,00;31,14;33,14;5,33;5,33;ДУ-001;СССД_ЦБ
186;"ГМК ""Норильский никель"", БО-001Р-01";RU000A100VQ6;17.03.2020;17.03.2020;BUY;1000,00;1 393;96,3500;335,53;99,2636;102,2335;0;1 393;1 342 155,50;335,53;1 382 742,64;1 424 112,79;41 370,14;0,00;40 587,14;46 164,02;7 424,69;5,33;ДУ-001;СССД_ЦБ
187;"ГМК ""Норильский никель"", БО-001Р-01";RU000A100VQ6;17.03.2020;17.03.2020;BUY;1000,00;1 998;96,3000;481,01;99,2636;102,2335;0;1 998;1 924 074,00;481,01;1 983 287,72;2 042 625,52;59 337,80;0,00;59 213,72;66 213,72;10 649,34;5,33;ДУ-001;СССД_ЦБ
188;Краснодарский край, 35002;RU000A0ZZ8X4;13.06.2018;13.06.2018;BUY;1000,00;17 200;100,2000;4 308,60;100,0000;101,7400;0;17 200;17 234 400,00;4 308,60;17 200 000,00;17 499 280,00;299 280,00;0,00;-34 400,00;0,00;197 800,00;11,50;ДУ-001;СССД_ЦБ
189;Красноярский край, 35016;RU000A0ZZM87;24.09.2018;24.09.2018;BUY;1000,00;89 785;100,0000;24 690,88;100,0000;106,1000;0;89 785;89 785 000,00;24 690,88;89 785 000,00;95 261 885,00;5 476 885,00;0,00;0,00;0,00;813 452,10;9,06;ДУ-001;СССД_ЦБ
190;Лента, БО-001P-04;RU000A101R33;16.06.2020;16.06.2020;BUY;1000,00;120 000;100,5000;19 890,00;100,0000;101,0333;0;120 000;120 600 000,00;19 890,00;120 000 000,00;121 239 941,13;1 239 941,13;0,00;-600 000,00;268 800,00;3 003 600,00;25,03;ДУ-001;СССД_ЦБ
191;Лента, БО-001P-04;RU000A101R33;16.06.2020;16.06.2020;BUY;1000,00;50 000;100,5000;9 337,50;100,0000;101,0333;0;50 000;50 250 000,00;9 337,50;50 000 000,00;50 516 642,14;516 642,14;0,00;-250 000,00;112 000,00;1 251 500,00;25,03;ДУ-001;СССД_ЦБ
192;Лента, БО-001P-04;RU000A101R33;16.06.2020;16.06.2020;BUY;1000,00;50 000;100,5000;9 337,50;100,0000;101,0333;0;50 000;50 250 000,00;9 337,50;50 000 000,00;50 516 642,14;516 642,14;0,00;-250 000,00;112 000,00;1 251 500,00;25,03;ДУ-001;СССД_ЦБ
193;Лента, БО-001P-04;RU000A101R33;22.06.2020;23.06.2020;BUY;1000,00;50 000;101,0500;9 378,75;100,0000;101,0333;0;50 000;50 525 000,00;9 378,75;50 000 000,00;50 516 642,14;516 642,14;0,00;-525 000,00;172 500,00;1 251 500,00;25,03;ДУ-001;СССД_ЦБ
194;Лента, БО-001P-04;RU000A101R33;26.06.2020;26.06.2020;BUY;1000,00;97 000;101,0500;16 502,78;100,0000;101,0333;0;97 000;98 018 500,00;16 502,78;97 000 000,00;98 002 285,74;1 002 285,74;0,00;-1 018 500,00;385 090,00;2 427 910,00;25,03;ДУ-001;СССД_ЦБ
195;Лента, БО-001P-04;RU000A101R33;30.06.2020;30.06.2020;BUY;1000,00;32 000;100,9500;6 645,60;100,0000;101,0333;0;32 000;32 304 000,00;6 645,60;32 000 000,00;32 330 650,97;330 650,97;0,00;-304 000,00;149 120,00;800 960,00;25,03;ДУ-001;СССД_ЦБ
196;Лента, БО-001P-04;RU000A101R33;06.07.2020;07.07.2020;BUY;1000,00;4 993;101,0000;1 386,81;100,0000;101,0333;0;4 993;5 042 930,00;1 386,81;4 993 000,00;5 044 591,88;51 591,88;0,00;-49 930,00;29 308,91;124 974,79;25,03;ДУ-001;СССД_ЦБ
197;Лента, БО-001P-04;RU000A101R33;07.07.2020;08.07.2020;BUY;1000,00;1;100,9000;0,27;100,0000;101,0333;0;1;1 009,00;0,27;1 000,00;1 010,33;10,33;0,00;-9,00;6,04;25,03;25,03;ДУ-001;СССД_ЦБ
198;Лента, БО-001P-04;RU000A101R33;08.07.2020;09.07.2020;BUY;1000,00;1 998;100,9500;554,67;100,0000;101,0333;0;1 998;2 016 981,00;554,67;1 998 000,00;2 018 645,02;20 645,02;0,00;-18 981,00;12 407,58;50 009,94;25,03;ДУ-001;СССД_ЦБ
199;Лента, БО-001P-04;RU000A101R33;15.07.2020;15.07.2020;BUY;1000,00;32 000;101,0800;6 651,84;100,0000;101,0333;0;32 000;32 345 600,00;6 651,84;32 000 000,00;32 330 650,97;330 650,97;0,00;-345 600,00;232 000,00;800 960,00;25,03;ДУ-001;СССД_ЦБ
200;Лента, БО-001P-04;RU000A101R33;16.07.2020;17.07.2020;BUY;1000,00;8;100,9000;2,22;100,0000;101,0333;0;8;8 072,00;2,22;8 000,00;8 082,66;82,66;0,00;-72,00;60,72;200,24;25,03;ДУ-001;СССД_ЦБ
201;Лента, БО-001P-04;RU000A101R33;16.07.2020;17.07.2020;BUY;1000,00;5;100,9000;1,39;100,0000;101,0333;0;5;5 045,00;1,39;5 000,00;5 051,66;51,66;0,00;-45,00;37,95;125,15;25,03;ДУ-001;СССД_ЦБ
202;Лента, БО-001P-04;RU000A101R33;16.07.2020;17.07.2020;BUY;1000,00;4;100,9000;1,11;100,0000;101,0333;0;4;4 036,00;1,11;4 000,00;4 041,33;41,33;0,00;-36,00;30,36;100,12;25,03;ДУ-001;СССД_ЦБ
203;Лента, БО-001P-04;RU000A101R33;16.07.2020;17.07.2020;BUY;1000,00;3;100,9000;0,83;100,0000;101,0333;0;3;3 027,00;0,83;3 000,00;3 031,00;31,00;0,00;-27,00;22,77;75,09;25,03;ДУ-001;СССД_ЦБ
204;Лента, БО-001P-04;RU000A101R33;16.07.2020;17.07.2020;BUY;1000,00;2;100,9000;0,56;100,0000;101,0333;0;2;2 018,00;0,56;2 000,00;2 020,67;20,67;0,00;-18,00;15,18;50,06;25,03;ДУ-001;СССД_ЦБ
205;Лента, БО-001P-04;RU000A101R33;16.07.2020;17.07.2020;BUY;1000,00;1;100,9000;0,27;100,0000;101,0333;0;1;1 009,00;0,27;1 000,00;1 010,33;10,33;0,00;-9,00;7,59;25,03;25,03;ДУ-001;СССД_ЦБ
206;Лента, БО-001P-04;RU000A101R33;16.07.2020;17.07.2020;BUY;1000,00;2;100,9000;0,56;100,0000;101,0333;0;2;2 018,00;0,56;2 000,00;2 020,67;20,67;0,00;-18,00;15,18;50,06;25,03;ДУ-001;СССД_ЦБ
207;Лента, БО-001P-04;RU000A101R33;16.07.2020;17.07.2020;BUY;1000,00;5;100,9000;1,39;100,0000;101,0333;0;5;5 045,00;1,39;5 000,00;5 051,66;51,66;0,00;-45,00;37,95;125,15;25,03;ДУ-001;СССД_ЦБ
208;Лента, БО-001P-04;RU000A101R33;16.07.2020;17.07.2020;BUY;1000,00;2;100,9000;0,56;100,0000;101,0333;0;2;2 018,00;0,56;2 000,00;2 020,67;20,67;0,00;-18,00;15,18;50,06;25,03;ДУ-001;СССД_ЦБ
209;Лента, БО-001P-04;RU000A101R33;16.07.2020;17.07.2020;BUY;1000,00;3;100,9000;0,83;100,0000;101,0333;0;3;3 027,00;0,83;3 000,00;3 031,00;31,00;0,00;-27,00;22,77;75,09;25,03;ДУ-001;СССД_ЦБ
210;Лента, БО-001P-04;RU000A101R33;16.07.2020;17.07.2020;BUY;1000,00;1;100,9000;0,27;100,0000;101,0333;0;1;1 009,00;0,27;1 000,00;1 010,33;10,33;0,00;-9,00;7,59;25,03;25,03;ДУ-001;СССД_ЦБ
211;Лента, БО-001P-04;RU000A101R33;16.07.2020;17.07.2020;BUY;1000,00;3;100,9000;0,83;100,0000;101,0333;0;3;3 027,00;0,83;3 000,00;3 031,00;31,00;0,00;-27,00;22,77;75,09;25,03;ДУ-001;СССД_ЦБ
212;Лента, БО-001P-04;RU000A101R33;16.07.2020;17.07.2020;BUY;1000,00;3;100,9000;0,83;100,0000;101,0333;0;3;3 027,00;0,83;3 000,00;3 031,00;31,00;0,00;-27,00;22,77;75,09;25,03;ДУ-001;СССД_ЦБ
213;Лента, БО-001P-04;RU000A101R33;16.07.2020;17.07.2020;BUY;1000,00;5;100,9000;1,39;100,0000;101,0333;0;5;5 045,00;1,39;5 000,00;5 051,66;51,66;0,00;-45,00;37,95;125,15;25,03;ДУ-001;СССД_ЦБ
214;Лента, БО-001P-04;RU000A101R33;16.07.2020;17.07.2020;BUY;1000,00;2;100,9000;0,56;100,0000;101,0333;0;2;2 018,00;0,56;2 000,00;2 020,67;20,67;0,00;-18,00;15,18;50,06;25,03;ДУ-001;СССД_ЦБ
215;Лента, БО-001P-04;RU000A101R33;16.07.2020;17.07.2020;BUY;1000,00;25;100,9000;6,93;100,0000;101,0333;0;25;25 225,00;6,93;25 000,00;25 258,32;258,32;0,00;-225,00;189,75;625,75;25,03;ДУ-001;СССД_ЦБ
216;Лента, БО-001P-04;RU000A101R33;16.07.2020;17.07.2020;BUY;1000,00;8;100,9000;2,22;100,0000;101,0333;0;8;8 072,00;2,22;8 000,00;8 082,66;82,66;0,00;-72,00;60,72;200,24;25,03;ДУ-001;СССД_ЦБ
217;Лента, БО-001P-04;RU000A101R33;16.07.2020;17.07.2020;BUY;1000,00;35;100,9000;9,74;100,0000;101,0333;0;35;35 315,00;9,74;35 000,00;35 361,65;361,65;0,00;-315,00;265,65;876,05;25,03;ДУ-001;СССД_ЦБ
218;Лента, БО-001P-04;RU000A101R33;16.07.2020;17.07.2020;BUY;1000,00;25;100,9000;6,93;100,0000;101,0333;0;25;25 225,00;6,93;25 000,00;25 258,32;258,32;0,00;-225,00;189,75;625,75;25,03;ДУ-001;СССД_ЦБ
219;Лента, БО-001P-04;RU000A101R33;16.07.2020;17.07.2020;BUY;1000,00;11;100,9000;3,05;100,0000;101,0333;0;11;11 099,00;3,05;11 000,00;11 113,66;113,66;0,00;-99,00;83,49;275,33;25,03;ДУ-001;СССД_ЦБ
220;Лента, БО-001P-04;RU000A101R33;16.07.2020;17.07.2020;BUY;1000,00;5;100,9000;1,39;100,0000;101,0333;0;5;5 045,00;1,39;5 000,00;5 051,66;51,66;0,00;-45,00;37,95;125,15;25,03;ДУ-001;СССД_ЦБ
221;Лента, БО-001P-04;RU000A101R33;16.07.2020;17.07.2020;BUY;1000,00;5;100,9000;1,39;100,0000;101,0333;0;5;5 045,00;1,39;5 000,00;5 051,66;51,66;0,00;-45,00;37,95;125,15;25,03;ДУ-001;СССД_ЦБ
222;Лента, БО-001P-04;RU000A101R33;16.07.2020;17.07.2020;BUY;1000,00;1;100,9000;0,27;100,0000;101,0333;0;1;1 009,00;0,27;1 000,00;1 010,33;10,33;0,00;-9,00;7,59;25,03;25,03;ДУ-001;СССД_ЦБ
223;Лента, БО-001P-04;RU000A101R33;16.07.2020;17.07.2020;BUY;1000,00;20;100,9000;5,55;100,0000;101,0333;0;20;20 180,00;5,55;20 000,00;20 206,66;206,66;0,00;-180,00;151,80;500,60;25,03;ДУ-001;СССД_ЦБ
224;Лента, БО-001P-04;RU000A101R33;16.07.2020;17.07.2020;BUY;1000,00;2;100,9000;0,56;100,0000;101,0333;0;2;2 018,00;0,56;2 000,00;2 020,67;20,67;0,00;-18,00;15,18;50,06;25,03;ДУ-001;СССД_ЦБ
225;Лента, БО-001P-04;RU000A101R33;16.07.2020;17.07.2020;BUY;1000,00;1;100,9000;0,27;100,0000;101,0333;0;1;1 009,00;0,27;1 000,00;1 010,33;10,33;0,00;-9,00;7,59;25,03;25,03;ДУ-001;СССД_ЦБ
226;Лента, БО-001P-04;RU000A101R33;23.07.2020;24.07.2020;BUY;1000,00;8 924;101,2000;2 483,55;100,0000;101,0333;0;8 924;9 031 088,00;2 483,55;8 924 000,00;9 016 210,29;92 210,29;0,00;-107 088,00;78 531,20;223 367,72;25,03;ДУ-001;СССД_ЦБ
227;Лента, БО-001P-04;RU000A101R33;23.07.2020;24.07.2020;BUY;1000,00;120 000;101,3700;20 046,60;100,0000;101,0333;0;120 000;121 644 000,00;20 046,60;120 000 000,00;121 239 941,13;1 239 941,13;0,00;-1 644 000,00;1 056 000,00;3 003 600,00;25,03;ДУ-001;СССД_ЦБ
228;Лента, БО-001P-04;RU000A101R33;27.07.2020;27.07.2020;BUY;1000,00;25 000;101,4700;5 605,13;100,0000;101,0333;0;25 000;25 367 500,00;5 605,13;25 000 000,00;25 258 321,07;258 321,07;0,00;-367 500,00;233 000,00;625 750,00;25,03;ДУ-001;СССД_ЦБ
229;Лента, БО-001P-04;RU000A101R33;02.09.2020;02.09.2020;BUY;1000,00;244 000;101,2500;31 446,00;100,0000;101,0333;0;244 000;247 050 000,00;31 446,00;244 000 000,00;246 521 213,63;2 521 213,63;0,00;-3 050 000,00;3 833 240,00;6 107 320,00;25,03;ДУ-001;СССД_ЦБ
230;Лента, БО-001P-04;RU000A101R33;17.09.2020;17.09.2020;BUY;1000,00;35 000;101,1500;6 048,30;100,0000;101,0333;0;35 000;35 402 500,00;6 048,30;35 000 000,00;35 361 649,50;361 649,50;0,00;-402 500,00;640 500,00;876 050,00;25,03;ДУ-001;СССД_ЦБ
231;Лента, БО-001Р-03;RU000A1011A7;21.01.2020;21.01.2020;BUY;1000,00;342 450;100,1500;53 244,55;100,0000;100,4489;0;342 450;342 963 675,00;53 244,55;342 450 000,00;343 987 094,30;1 537 094,30;0,00;-513 675,00;4 338 841,50;10 526 913,00;30,74;ДУ-001;СССД_ЦБ
232;Лента, БО-001Р-03;RU000A1011A7;24.01.2020;27.01.2020;BUY;1000,00;200 000;100,3000;31 890,00;100,0000;100,4489;0;200 000;200 600 000,00;31 890,00;200 000 000,00;200 897 704,36;897 704,36;0,00;-600 000,00;2 758 000,00;6 148 000,00;30,74;ДУ-001;СССД_ЦБ
233;Лента, БО-001Р-03;RU000A1011A7;24.01.2020;27.01.2020;BUY;1000,00;100 000;100,3000;16 845,00;100,0000;100,4489;0;100 000;100 300 000,00;16 845,00;100 000 000,00;100 448 852,18;448 852,18;0,00;-300 000,00;1 379 000,00;3 074 000,00;30,74;ДУ-001;СССД_ЦБ
234;Лента, БО-001Р-03;RU000A1011A7;28.01.2020;28.01.2020;BUY;1000,00;25 000;100,2000;5 557,50;100,0000;100,4489;0;25 000;25 050 000,00;5 557,50;25 000 000,00;25 112 213,05;112 213,05;0,00;-50 000,00;349 250,00;768 500,00;30,74;ДУ-001;СССД_ЦБ
235;Лента, БО-001Р-03;RU000A1011A7;30.01.2020;30.01.2020;BUY;1000,00;28 000;100,2800;6 011,77;100,0000;100,4489;0;28 000;28 078 400,00;6 011,77;28 000 000,00;28 125 678,61;125 678,61;0,00;-78 400,00;401 800,00;860 720,00;30,74;ДУ-001;СССД_ЦБ
236;Лента, БО-001Р-03;RU000A1011A7;31.01.2020;31.01.2020;BUY;1000,00;18 000;100,3000;4 508,10;100,0000;100,4489;0;18 000;18 054 000,00;4 508,10;18 000 000,00;18 080 793,39;80 793,39;0,00;-54 000,00;261 540,00;553 320,00;30,74;ДУ-001;СССД_ЦБ
237;Лента, БО-001Р-03;RU000A1011A7;28.04.2020;28.04.2020;BUY;1000,00;200 000;100,2900;31 887,00;100,0000;100,4489;0;200 000;200 580 000,00;31 887,00;200 000 000,00;200 897 704,36;897 704,36;0,00;-580 000,00;6 186 000,00;6 148 000,00;30,74;ДУ-001;СССД_ЦБ
238;Лента, БО-001Р-03;RU000A1011A7;29.04.2020;29.04.2020;BUY;1000,00;34 000;100,3100;6 915,81;100,0000;100,4489;0;34 000;34 105 400,00;6 915,81;34 000 000,00;34 152 609,74;152 609,74;0,00;-105 400,00;1 057 740,00;1 045 160,00;30,74;ДУ-001;СССД_ЦБ
239;Магнит, БО-002Р-01;RU000A101HJ8;06.04.2020;07.04.2020;BUY;1000,00;100 000;96,7600;16 314,00;98,1552;99,1231;0;100 000;96 760 000,00;16 314,00;98 155 172,41;99 123 103,45;967 931,03;0,00;1 395 172,41;561 000,00;900 000,00;9,00;ДУ-001;СССД_ЦБ
240;Магнит, БО-002Р-01;RU000A101HJ8;16.04.2020;17.04.2020;BUY;1000,00;200 000;97,6000;31 080,00;98,1552;99,1231;0;200 000;195 200 000,00;31 080,00;196 310 344,83;198 246 206,90;1 935 862,07;0,00;1 110 344,83;1 460 000,00;1 800 000,00;9,00;ДУ-001;СССД_ЦБ
241;Магнит, БО-002Р-01;RU000A101HJ8;28.04.2020;28.04.2020;BUY;1000,00;200 000;99,0500;31 515,00;98,1552;99,1231;0;200 000;198 100 000,00;31 515,00;196 310 344,83;198 246 206,90;1 935 862,07;0,00;-1 789 655,17;1 834 000,00;1 800 000,00;9,00;ДУ-001;СССД_ЦБ
242;Магнит, БО-002Р-01;RU000A101HJ8;28.04.2020;28.04.2020;BUY;1000,00;80 000;99,0500;13 686,00;98,1552;99,1231;0;80 000;79 240 000,00;13 686,00;78 524 137,93;79 298 482,76;774 344,83;0,00;-715 862,07;733 600,00;720 000,00;9,00;ДУ-001;СССД_ЦБ
243;Магнит, БО-002Р-03;RU000A101PJ1;19.10.2020;19.10.2020;BUY;1000,00;500 000;100,4000;62 040,00;100,0000;101,1600;0;500 000;502 000 000,00;62 040,00;500 000 000,00;505 800 028,00;5 800 028,00;0,00;-2 000 000,00;12 125 000,00;12 690 000,00;25,38;ДУ-001;СССД_ЦБ
244;Магнит, БО-003Р-01;RU000A1002U4;05.02.2019;05.02.2019;BUY;1000,00;10 000;100,0000;2 750,00;100,0000;103,4200;0;10 000;10 000 000,00;2 750,00;10 000 000,00;10 342 000,00;342 000,00;0,00;0,00;0,00;197 800,00;19,78;ДУ-001;СССД_ЦБ
245;Магнит, БО-003Р-02;RU000A1004G9;22.03.2019;22.03.2019;BUY;1000,00;135 000;100,2500;22 100,63;100,0000;101,1200;0;135 000;135 337 500,00;22 100,63;135 000 000,00;136 512 000,00;1 512 000,00;0,00;-337 500,00;0,00;1 949 400,00;14,44;ДУ-001;СССД_ЦБ
246;Магнит, БО-003Р-02;RU000A1004G9;27.03.2019;27.03.2019;BUY;1000,00;75 934;100,3000;19 040,45;100,0000;101,1200;0;75 934;76 161 802,00;19 040,45;75 934 000,00;76 784 460,80;850 460,80;0,00;-227 802,00;0,00;1 096 486,96;14,44;ДУ-001;СССД_ЦБ
247;Магнит, БО-003Р-02;RU000A1004G9;27.03.2019;27.03.2019;BUY;1000,00;24 066;100,3000;6 034,55;100,0000;101,1200;0;24 066;24 138 198,00;6 034,55;24 066 000,00;24 335 539,20;269 539,20;0,00;-72 198,00;0,00;347 513,04;14,44;ДУ-001;СССД_ЦБ
248;Магнит, БО-003Р-04;RU000A100ZS3;31.01.2020;31.01.2020;BUY;1000,00;35 000;101,0000;7 102,52;100,0000;100,8500;0;35 000;35 350 000,00;7 102,52;35 000 000,00;35 297 500,00;297 500,00;0,00;-350 000,00;575 750,00;1 151 150,00;32,89;ДУ-001;СССД_ЦБ
249;Магнит, БО-003Р-04;RU000A100ZS3;05.02.2020;05.02.2020;BUY;1000,00;42 738;101,0500;8 278,00;100,0000;100,8500;0;42 738;43 186 749,00;8 278,00;42 738 000,00;43 101 273,00;363 273,00;0,00;-448 749,00;743 213,82;1 405 652,82;32,89;ДУ-001;СССД_ЦБ
250;Магнит, БО-003Р-05;RU000A1018X4;26.12.2019;26.12.2019;BUY;1000,00;450 000;100,0000;123 750,00;99,8516;100,1684;0;450 000;450 000 000,00;123 750,00;449 332 017,71;450 757 960,82;1 425 943,11;0,00;-667 982,29;0,00;10 008 000,00;22,24;ДУ-001;СССД_ЦБ
251;Магнит, БО-003Р-05;RU000A1018X4;15.01.2020;15.01.2020;BUY;1000,00;130 000;100,2000;21 339,00;99,8516;100,1684;0;130 000;130 260 000,00;21 339,00;129 807 027,34;130 218 966,46;411 939,12;0,00;-452 972,66;470 600,00;2 891 200,00;22,24;ДУ-001;СССД_ЦБ
252;Магнит, БО-003Р-05;RU000A1018X4;21.01.2020;21.01.2020;BUY;1000,00;169 644;100,2600;27 312,76;99,8516;100,1684;0;169 644;170 085 074,40;27 312,76;169 392 179,58;169 929 741,12;537 561,54;0,00;-692 894,82;797 326,80;3 772 882,56;22,24;ДУ-001;СССД_ЦБ
253;Магнит, БО-003Р-05;RU000A1018X4;21.01.2020;21.01.2020;BUY;1000,00;150 000;100,2300;37 586,25;99,8516;100,1684;0;150 000;150 345 000,00;37 586,25;149 777 339,24;150 252 653,61;475 314,37;0,00;-567 660,76;705 000,00;3 336 000,00;22,24;ДУ-001;СССД_ЦБ
254;Магнит, БО-003Р-05;RU000A1018X4;06.04.2020;06.04.2020;BUY;1000,00;100 000;98,3700;16 555,50;99,8516;100,1684;0;100 000;98 370 000,00;16 555,50;99 851 559,49;100 168 435,74;316 876,25;0,00;1 481 559,49;1 844 000,00;2 224 000,00;22,24;ДУ-001;СССД_ЦБ
255;Магнит, БО-003Р-05;RU000A1018X4;28.04.2020;28.04.2020;BUY;1000,00;79 439;100,1000;13 727,77;99,8516;100,1684;0;79 439;79 518 439,00;13 727,77;79 321 080,34;79 572 803,67;251 723,32;0,00;-197 358,66;1 781 022,38;1 766 723,36;22,24;ДУ-001;СССД_ЦБ
256;Магнит, БО-003Р-05;RU000A1018X4;04.08.2020;04.08.2020;BUY;1000,00;19 000;102,2000;4 712,70;99,8516;100,1684;0;19 000;19 418 000,00;4 712,70;18 971 796,30;19 032 002,79;60 206,49;0,00;-446 203,70;137 370,00;422 560,00;22,24;ДУ-001;СССД_ЦБ
257;МегаФон, БО-001Р-04;RU000A0ZYTM6;19.02.2018;19.02.2018;BUY;1000,00;844 766;100,0000;275 000,00;100,0000;100,8900;0;844 766;844 766 000,00;275 000,00;844 766 000,00;852 284 587,66;7 518 587,66;0,00;0,00;0,00;11 666 218,46;13,81;ДУ-001;СССД_ЦБ
258;МегаФон, БО-001Р-04;RU000A0ZYTM6;11.11.2019;11.11.2019;BUY;1000,00;40 000;100,6500;7 839,00;100,0000;100,8900;0;40 000;40 260 000,00;7 839,00;40 000 000,00;40 356 008,06;356 008,06;0,00;-260 000,00;662 800,00;552 400,00;13,81;ДУ-001;СССД_ЦБ
259;МегаФон, БО-001Р-04;RU000A0ZYTM6;12.11.2019;12.11.2019;BUY;1000,00;1 450;100,7000;365,04;100,0000;100,8900;0;1 450;1 460 150,00;365,04;1 450 000,00;1 462 905,29;12 905,29;0,00;-10 150,00;24 316,50;20 024,50;13,81;ДУ-001;СССД_ЦБ
260;МегаФон, БО-001Р-04;RU000A0ZYTM6;25.12.2019;25.12.2019;BUY;1000,00;65 000;100,9200;11 639,70;100,0000;100,8900;0;65 000;65 598 000,00;11 639,70;65 000 000,00;65 578 513,10;578 513,10;0,00;-598 000,00;1 641 250,00;897 650,00;13,81;ДУ-001;СССД_ЦБ
261;Московская область, 34011;RU000A0ZYML3;12.09.2019;12.09.2019;BUY;750,00;114 997;100,4000;31 750,67;100,0000;101,8600;0;114 997;86 592 741,00;31 750,67;86 247 750,00;87 851 958,15;1 604 208,15;0,00;-344 991,00;0,00;566 935,21;4,93;ДУ-001;СССД_ЦБ
262;Московская область, 34011;RU000A0ZYML3;26.11.2019;26.11.2019;BUY;750,00;77 000;101,2500;19 490,63;100,0000;101,8600;0;77 000;58 471 875,00;19 490,63;57 750 000,00;58 824 150,00;1 074 150,00;0,00;-721 875,00;0,00;379 610,00;4,93;ДУ-001;СССД_ЦБ
263;Московская область, 34012;RU000A100XP4;15.10.2019;15.10.2019;BUY;1000,00;29 382;100,0000;8 080,05;100,0000;101,1900;0;29 382;29 382 000,00;8 080,05;29 382 000,00;29 731 645,80;349 645,80;0,00;0,00;0,00;73 748,82;2,51;ДУ-001;СССД_ЦБ
264;МТС, 001P-06;RU000A0ZYWY5;07.03.2018;07.03.2018;BUY;1000,00;893 000;100,0000;330 000,00;100,0000;101,3800;0;893 000;893 000 000,00;330 000,00;893 000 000,00;905 323 400,00;12 323 400,00;0,00;0,00;0,00;9 581 890,00;10,73;ДУ-001;СССД_ЦБ
265;МТС, 001P-07;RU000A100238;28.03.2019;28.03.2019;BUY;1000,00;345 713;100,0000;69 983,55;100,0000;105,6600;0;345 713;345 713 000,00;69 983,55;345 713 000,00;365 280 355,80;19 567 355,80;0,00;0,00;0,00;7 415 543,85;21,45;ДУ-001;СССД_ЦБ
266;МТС, 001P-07;RU000A100238;28.01.2020;28.01.2020;BUY;1000,00;40 000;107,5000;8 250,00;100,0000;105,6600;0;40 000;43 000 000,00;8 250,00;40 000 000,00;42 264 000,00;2 264 000,00;0,00;-3 000 000,00;0,00;858 000,00;21,45;ДУ-001;СССД_ЦБ
267;МТС, 001P-09;RU000A100A66;21.08.2019;21.08.2019;BUY;1000,00;5;103,4500;1,30;100,0000;106,4900;0;5;5 172,50;1,30;5 000,00;5 324,50;324,50;0,00;-172,50;0,00;8,25;1,65;ДУ-001;СССД_ЦБ
268;МТС, 001P-09;RU000A100A66;21.08.2019;21.08.2019;BUY;1000,00;120 000;103,4500;20 421,00;100,0000;106,4900;0;120 000;124 140 000,00;20 421,00;120 000 000,00;127 788 000,00;7 788 000,00;0,00;-4 140 000,00;0,00;198 000,00;1,65;ДУ-001;СССД_ЦБ
269;МТС, 001P-09;RU000A100A66;16.09.2019;16.09.2019;BUY;1000,00;200 000;104,9500;33 285,00;100,0000;106,4900;0;200 000;209 900 000,00;33 285,00;200 000 000,00;212 980 000,00;12 980 000,00;0,00;-9 900 000,00;0,00;330 000,00;1,65;ДУ-001;СССД_ЦБ
270;МТС, 001P-13;RU000A101939;15.01.2020;15.01.2020;BUY;1000,00;100 000;100,1200;16 818,00;100,0000;100,1200;0;100 000;100 120 000,00;16 818,00;100 000 000,00;100 120 000,00;120 000,00;0,00;-120 000,00;353 000,00;565 000,00;5,65;ДУ-001;СССД_ЦБ
271;НПК АО, ПБО-01;RU000A0ZYTZ8;20.02.2018;20.02.2018;BUY;1000,00;780 200;100,0000;214 555,01;100,0000;100,8800;0;780 200;780 200 000,00;214 555,01;780 200 000,00;787 065 760,00;6 865 760,00;0,00;0,00;0,00;10 696 542,00;13,71;ДУ-001;СССД_ЦБ
272;РОСБАНК-БО-002Р-06;RU000A100TH9;12.09.2019;12.09.2019;BUY;1000,00;105 000;100,0000;28 875,01;100,0000;103,2626;0;105 000;105 000 000,00;28 875,01;105 000 000,00;108 425 722,22;3 425 722,22;0,00;0,00;0,00;955 500,00;9,10;ДУ-001;СССД_ЦБ
273;РОСБАНК-БО-002Р-06;RU000A100TH9;25.09.2020;28.09.2020;BUY;1000,00;57 000;103,7000;14 481,71;100,0000;103,2626;0;57 000;59 109 000,00;14 481,71;57 000 000,00;58 859 677,78;1 859 677,78;0,00;-2 109 000,00;188 670,00;518 700,00;9,10;ДУ-001;СССД_ЦБ
274;Роснефть, 002Р - 04;RU000A0ZYT40;24.09.2019;24.09.2019;BUY;1000,00;99 978;100,2000;16 830,00;100,0000;102,5500;0;99 978;100 177 956,00;16 830,00;99 978 000,00;102 527 439,00;2 549 439,00;0,00;-199 956,00;821 819,16;1 520 665,38;15,21;ДУ-001;СССД_ЦБ
275;Роснефть, 002Р - 08;RU000A100KY3;26.07.2019;26.07.2019;BUY;1000,00;377 756;100,4500;77 137,50;100,0000;104,7108;0;377 756;379 455 902,00;77 137,50;377 756 000,00;395 551 516,44;17 795 516,44;0,00;-1 699 902,00;906 614,40;8 639 279,72;22,87;ДУ-001;СССД_ЦБ
276;Роснефть, БО-06;RU000A0JUCR3;14.09.2020;15.09.2020;BUY;1000,00;160 000;101,4500;21 278,40;100,0000;101,5261;0;160 000;162 320 000,00;21 278,40;160 000 000,00;162 441 795,92;2 441 795,92;0,00;-2 320 000,00;2 681 600,00;3 876 800,00;24,23;ДУ-001;СССД_ЦБ
277;Роснефть, БО-06;RU000A0JUCR3;18.09.2020;18.09.2020;BUY;1000,00;85 000;101,5000;12 153,00;100,0000;101,5261;0;85 000;86 275 000,00;12 153,00;85 000 000,00;86 297 204,08;1 297 204,08;0,00;-1 275 000,00;1 471 350,00;2 059 550,00;24,23;ДУ-001;СССД_ЦБ
278;Россети, БО-001P-01;RU000A0JXVM8;17.01.2018;17.01.2018;BUY;1000,00;134 900;101,7000;75 786,60;100,0000;104,6355;0;134 900;137 193 300,00;75 786,60;134 900 000,00;141 153 227,64;6 253 227,64;0,00;-2 293 300,00;0,00;3 283 466,00;24,34;ДУ-001;СССД_ЦБ
279;Росэксимбанк, 002P-02;RU000A101T56;16.06.2020;16.06.2020;BUY;1000,00;542 000;100,0000;149 050,00;100,0000;100,0000;0;542 000;542 000 000,00;149 050,00;541 999 986,10;542 000 064,93;78,83;0,00;-13,90;0,00;12 054 080,00;22,24;ДУ-001;СССД_ЦБ
280;Росэксимбанк, 002P-02;RU000A101T56;06.07.2020;07.07.2020;BUY;1000,00;50;99,9900;13,75;100,0000;100,0000;0;50;49 995,00;13,75;50 000,00;50 000,01;0,01;0,00;5,00;177,00;1 112,00;22,24;ДУ-001;СССД_ЦБ
281;Росэксимбанк, 002P-02;RU000A101T56;06.07.2020;07.07.2020;BUY;1000,00;89;99,9900;24,48;100,0000;100,0000;0;89;88 991,10;24,48;89 000,00;89 000,01;0,01;0,00;8,90;315,06;1 979,36;22,24;ДУ-001;СССД_ЦБ
282;Росэксимбанк, 002P-02;RU000A101T56;16.06.2020;16.06.2020;BUY;1000,00;38 000;100,0000;10 450,00;100,0000;100,0000;0;38 000;38 000 000,00;10 450,00;38 000 000,00;38 000 004,55;4,55;0,00;0,00;0,00;845 120,00;22,24;ДУ-019;СССД_ЦБ
283;Росэксимбанк, 002P-03;RU000A101UE2;29.06.2020;29.06.2020;BUY;1000,00;36 500;100,0000;10 037,50;100,0000;100,5000;0;36 500;36 500 000,00;10 037,50;36 500 000,00;36 682 500,00;182 500,00;0,00;0,00;0,00;790 225,00;21,65;ДУ-019;СССД_ЦБ
284;Росэксимбанк, 01;RU000A0JVYG8;24.11.2015;24.11.2015;BUY;1000,00;49 100;100,0000;109 752,51;99,9924;100,3800;0;49 100;49 100 000,00;109 752,51;49 096 265,28;49 286 580,00;190 314,72;0,00;-3 734,72;0,00;1 485 275,00;30,25;ДУ-001;СССД_ЦБ
285;Росэксимбанк, 01;RU000A0JVYG8;31.05.2016;31.05.2016;BUY;1000,00;3 200;100,5000;804,00;99,9924;100,3800;0;3 200;3 216 000,00;804,00;3 199 756,60;3 212 160,00;12 403,40;0,00;-16 243,40;0,00;96 800,00;30,25;ДУ-001;СССД_ЦБ
286;Росэксимбанк, 01;RU000A0JVYG8;16.06.2016;16.06.2016;BUY;1000,00;50 000;100,6000;9 345,00;99,9924;100,3800;0;50 000;50 300 000,00;9 345,00;49 996 196,83;50 190 000,00;193 803,17;0,00;-303 803,17;0,00;1 512 500,00;30,25;ДУ-001;СССД_ЦБ
287;Росэксимбанк, 01;RU000A0JVYG8;27.11.2017;27.11.2017;BUY;1000,00;367 115;100,0000;56 867,25;99,9924;100,3800;0;367 115;367 115 000,00;56 867,25;367 087 075,96;368 510 037,00;1 422 961,04;0,00;-27 924,04;0,00;11 105 228,75;30,25;ДУ-001;СССД_ЦБ
288;Росэксимбанк, 01;RU000A0JVYG8;03.07.2018;03.07.2018;BUY;1000,00;3;100,2000;0,76;99,9924;100,3800;0;3;3 006,00;0,76;2 999,77;3 011,40;11,63;0,00;-6,23;0,00;90,75;30,25;ДУ-001;СССД_ЦБ
289;Росэксимбанк, 01;RU000A0JVYG8;03.07.2018;03.07.2018;BUY;1000,00;14 997;100,2000;3 756,75;99,9924;100,3800;0;14 997;15 026 994,00;3 756,75;14 995 859,28;15 053 988,60;58 129,32;0,00;-31 134,72;0,00;453 659,25;30,25;ДУ-001;СССД_ЦБ
290;Росэксимбанк, 01;RU000A0JVYG8;27.11.2018;27.11.2018;BUY;1000,00;140 000;99,9500;22 789,50;99,9924;100,3800;0;140 000;139 930 000,00;22 789,50;139 989 351,11;140 532 000,00;542 648,89;0,00;59 351,11;0,00;4 235 000,00;30,25;ДУ-001;СССД_ЦБ
291;Росэксимбанк, 01;RU000A0JVYG8;15.05.2019;15.05.2019;BUY;1000,00;10 000;99,9900;2 499,79;99,9924;100,3800;0;10 000;9 999 000,00;2 499,79;9 999 239,37;10 038 000,00;38 760,63;0,00;239,37;0,00;302 500,00;30,25;ДУ-001;СССД_ЦБ
292;Росэксимбанк, 01;RU000A0JVYG8;15.05.2019;15.05.2019;BUY;1000,00;1;99,9900;0,25;99,9924;100,3800;0;1;999,90;0,25;999,92;1 003,80;3,88;0,00;0,02;0,00;30,25;30,25;ДУ-001;СССД_ЦБ
293;Росэксимбанк, 01;RU000A0JVYG8;15.05.2019;15.05.2019;BUY;1000,00;1 000;99,9900;249,98;99,9924;100,3800;0;1 000;999 900,00;249,98;999 923,94;1 003 800,00;3 876,06;0,00;23,94;0,00;30 250,00;30,25;ДУ-001;СССД_ЦБ
294;Росэксимбанк, 01;RU000A0JVYG8;15.05.2019;15.05.2019;BUY;1000,00;170;99,9900;42,49;99,9924;100,3800;0;170;169 983,00;42,49;169 987,07;170 646,00;658,93;0,00;4,07;0,00;5 142,50;30,25;ДУ-001;СССД_ЦБ
295;Росэксимбанк, 01;RU000A0JVYG8;15.05.2019;15.05.2019;BUY;1000,00;250;99,9900;62,49;99,9924;100,3800;0;250;249 975,00;62,49;249 980,98;250 950,00;969,02;0,00;5,98;0,00;7 562,50;30,25;ДУ-001;СССД_ЦБ
296;Росэксимбанк, 01;RU000A0JVYG8;15.05.2019;15.05.2019;BUY;1000,00;37;99,9900;9,25;99,9924;100,3800;0;37;36 996,30;9,25;36 997,19;37 140,60;143,41;0,00;0,89;0,00;1 119,25;30,25;ДУ-001;СССД_ЦБ
297;Росэксимбанк, 01;RU000A0JVYG8;15.05.2019;15.05.2019;BUY;1000,00;10;99,9900;2,49;99,9924;100,3800;0;10;9 999,00;2,49;9 999,24;10 038,00;38,76;0,00;0,24;0,00;302,50;30,25;ДУ-001;СССД_ЦБ
298;Росэксимбанк, 01;RU000A0JVYG8;15.05.2019;15.05.2019;BUY;1000,00;4;99,9900;1,00;99,9924;100,3800;0;4;3 999,60;1,00;3 999,70;4 015,20;15,50;0,00;0,10;0,00;121,00;30,25;ДУ-001;СССД_ЦБ
299;Росэксимбанк, 01;RU000A0JVYG8;15.05.2019;15.05.2019;BUY;1000,00;5;99,9900;1,25;99,9924;100,3800;0;5;4 999,50;1,25;4 999,62;5 019,00;19,38;0,00;0,12;0,00;151,25;30,25;ДУ-001;СССД_ЦБ
300;Росэксимбанк, 01;RU000A0JVYG8;15.05.2019;15.05.2019;BUY;1000,00;21;99,9900;5,25;99,9924;100,3800;0;21;20 997,90;5,25;20 998,40;21 079,80;81,40;0,00;0,50;0,00;635,25;30,25;ДУ-001;СССД_ЦБ
301;Росэксимбанк, 01;RU000A0JVYG8;16.05.2019;16.05.2019;BUY;1000,00;515;99,9900;128,78;99,9924;100,3800;0;515;514 948,50;128,78;514 960,83;516 957,00;1 996,17;0,00;12,33;0,00;15 578,75;30,25;ДУ-001;СССД_ЦБ
302;Росэксимбанк, 01;RU000A0JVYG8;16.05.2019;16.05.2019;BUY;1000,00;560;99,9900;139,99;99,9924;100,3800;0;560;559 944,00;139,99;559 957,40;562 128,00;2 170,60;0,00;13,40;0,00;16 940,00;30,25;ДУ-001;СССД_ЦБ
303;Росэксимбанк, 01;RU000A0JVYG8;16.05.2019;16.05.2019;BUY;1000,00;2 900;99,9900;724,93;99,9924;100,3800;0;2 900;2 899 710,00;724,93;2 899 779,42;2 911 020,00;11 240,58;0,00;69,42;0,00;87 725,00;30,25;ДУ-001;СССД_ЦБ
304;Росэксимбанк, 01;RU000A0JVYG8;16.05.2019;16.05.2019;BUY;1000,00;836;99,9900;208,99;99,9924;100,3800;0;836;835 916,40;208,99;835 936,41;839 176,80;3 240,39;0,00;20,01;0,00;25 289,00;30,25;ДУ-001;СССД_ЦБ
305;Росэксимбанк, 01;RU000A0JVYG8;16.05.2019;16.05.2019;BUY;1000,00;2;99,9900;0,49;99,9924;100,3800;0;2;1 999,80;0,49;1 999,85;2 007,60;7,75;0,00;0,05;0,00;60,50;30,25;ДУ-001;СССД_ЦБ
306;Росэксимбанк, 01;RU000A0JVYG8;24.06.2019;24.06.2019;BUY;1000,00;1;100,1000;0,25;99,9924;100,3800;0;1;1 001,00;0,25;999,92;1 003,80;3,88;0,00;-1,08;0,00;30,25;30,25;ДУ-001;СССД_ЦБ
307;Росэксимбанк, 01;RU000A0JVYG8;10.07.2019;10.07.2019;BUY;1000,00;8 920;100,2000;2 234,47;99,9924;100,3800;0;8 920;8 937 840,00;2 234,47;8 919 321,51;8 953 896,00;34 574,49;0,00;-18 518,49;0,00;269 830,00;30,25;ДУ-001;СССД_ЦБ
308;Росэксимбанк, 01;RU000A0JVYG8;10.07.2019;10.07.2019;BUY;1000,00;1 080;100,2000;270,53;99,9924;100,3800;0;1 080;1 082 160,00;270,53;1 079 917,85;1 084 104,00;4 186,15;0,00;-2 242,15;0,00;32 670,00;30,25;ДУ-001;СССД_ЦБ
309;Росэксимбанк, 01;RU000A0JVYG8;27.11.2019;27.11.2019;BUY;1000,00;175 000;100,2500;28 115,62;99,9924;100,3800;0;175 000;175 437 500,00;28 115,62;174 986 688,89;175 665 000,00;678 311,11;0,00;-450 811,11;264 250,00;5 293 750,00;30,25;ДУ-001;СССД_ЦБ
310;Росэксимбанк, 01;RU000A0JVYG8;27.11.2019;28.11.2019;BUY;1000,00;25 000;100,2500;6 892,19;99,9924;100,3800;0;25 000;25 062 500,00;6 892,19;24 998 098,41;25 095 000,00;96 901,59;0,00;-64 401,59;42 500,00;756 250,00;30,25;ДУ-001;СССД_ЦБ
311;Росэксимбанк, 01;RU000A0JVYG8;26.12.2019;27.12.2019;BUY;1000,00;1;100,2500;0,27;99,9924;100,3800;0;1;1 002,50;0,27;999,92;1 003,80;3,88;0,00;-2,58;7,18;30,25;30,25;ДУ-001;СССД_ЦБ
312;Росэксимбанк, 01;RU000A0JVYG8;16.01.2020;17.01.2020;BUY;1000,00;500;100,2500;137,85;99,9924;100,3800;0;500;501 250,00;137,85;499 961,97;501 900,00;1 938,03;0,00;-1 288,03;5 575,00;15 125,00;30,25;ДУ-001;СССД_ЦБ
313;Росэксимбанк, 01;RU000A0JVYG8;16.01.2020;17.01.2020;BUY;1000,00;4 500;100,2500;1 240,60;99,9924;100,3800;0;4 500;4 511 250,00;1 240,60;4 499 657,71;4 517 100,00;17 442,29;0,00;-11 592,29;50 175,00;136 125,00;30,25;ДУ-001;СССД_ЦБ
314;Росэксимбанк, 01;RU000A0JVYG8;16.01.2020;17.01.2020;BUY;1000,00;1 000;100,2500;275,69;99,9924;100,3800;0;1 000;1 002 500,00;275,69;999 923,94;1 003 800,00;3 876,06;0,00;-2 576,06;11 150,00;30 250,00;30,25;ДУ-001;СССД_ЦБ
315;Росэксимбанк, 01;RU000A0JVYG8;20.01.2020;21.01.2020;BUY;1000,00;50 000;100,2500;13 784,37;99,9924;100,3800;0;50 000;50 125 000,00;13 784,37;49 996 196,83;50 190 000,00;193 803,17;0,00;-128 803,17;595 500,00;1 512 500,00;30,25;ДУ-001;СССД_ЦБ
316;Росэксимбанк, 01;RU000A0JVYG8;22.01.2020;23.01.2020;BUY;1000,00;25 000;100,3000;6 895,64;99,9924;100,3800;0;25 000;25 075 000,00;6 895,64;24 998 098,41;25 095 000,00;96 901,59;0,00;-76 901,59;307 250,00;756 250,00;30,25;ДУ-001;СССД_ЦБ
317;Росэксимбанк, 01;RU000A0JVYG8;23.01.2020;24.01.2020;BUY;1000,00;5 000;100,4900;1 381,72;99,9924;100,3800;0;5 000;5 024 500,00;1 381,72;4 999 619,68;5 019 000,00;19 380,32;0,00;-24 880,32;62 400,00;151 250,00;30,25;ДУ-001;СССД_ЦБ
318;Росэксимбанк, 01;RU000A0JVYG8;04.02.2020;05.02.2020;BUY;1000,00;5 000;100,5000;1 381,87;99,9924;100,3800;0;5 000;5 025 000,00;1 381,87;4 999 619,68;5 019 000,00;19 380,32;0,00;-25 380,32;73 750,00;151 250,00;30,25;ДУ-001;СССД_ЦБ
319;Росэксимбанк, 01;RU000A0JVYG8;16.04.2019;16.04.2019;BUY;1000,00;25 000;100,0000;5 550,00;99,9999;100,3800;0;25 000;25 000 000,00;5 550,00;24 999 980,37;25 095 000,00;95 019,63;0,00;-19,63;0,00;756 250,00;30,25;ДУ-019;СССД_ЦБ
320;Росэксимбанк, 01;RU000A0JVYG8;23.05.2019;23.05.2019;BUY;1000,00;999;99,9900;249,73;99,9999;100,3800;0;999;998 900,10;249,73;998 999,22;1 002 796,20;3 796,98;0,00;99,12;0,00;30 219,75;30,25;ДУ-019;СССД_ЦБ
321;Росэксимбанк, 01;RU000A0JVYG8;04.06.2019;04.06.2019;BUY;1000,00;164;100,0500;41,01;99,9999;100,3800;0;164;164 082,00;41,01;163 999,87;164 623,20;623,33;0,00;-82,13;0,00;4 961,00;30,25;ДУ-019;СССД_ЦБ
322;Росэксимбанк, 01;RU000A0JVYG8;17.06.2019;17.06.2019;BUY;1000,00;2 600;100,1000;650,65;99,9999;100,3800;0;2 600;2 602 600,00;650,65;2 599 997,96;2 609 880,00;9 882,04;0,00;-2 602,04;0,00;78 650,00;30,25;ДУ-019;СССД_ЦБ
323;Росэксимбанк, 01;RU000A0JVYG8;17.06.2019;17.06.2019;BUY;1000,00;7 400;100,1000;1 851,85;99,9999;100,3800;0;7 400;7 407 400,00;1 851,85;7 399 994,19;7 428 120,00;28 125,81;0,00;-7 405,81;0,00;223 850,00;30,25;ДУ-019;СССД_ЦБ
324;Росэксимбанк, 01;RU000A0JVYG8;17.06.2019;17.06.2019;BUY;1000,00;20 000;100,1000;5 005,00;99,9999;100,3800;0;20 000;20 020 000,00;5 005,00;19 999 984,29;20 076 000,00;76 015,71;0,00;-20 015,71;0,00;605 000,00;30,25;ДУ-019;СССД_ЦБ
325;Росэксимбанк, 01;RU000A0JVYG8;17.06.2019;17.06.2019;BUY;1000,00;14 000;100,1000;3 503,51;99,9999;100,3800;0;14 000;14 014 000,00;3 503,51;13 999 989,00;14 053 200,00;53 211,00;0,00;-14 011,00;0,00;423 500,00;30,25;ДУ-019;СССД_ЦБ
326;Росэксимбанк, 01;RU000A0JVYG8;17.06.2019;17.06.2019;BUY;1000,00;670;100,1000;167,66;99,9999;100,3800;0;670;670 670,00;167,66;669 999,47;672 546,00;2 546,53;0,00;-670,53;0,00;20 267,50;30,25;ДУ-019;СССД_ЦБ
327;Росэксимбанк, 01;RU000A0JVYG8;21.06.2019;21.06.2019;BUY;1000,00;297;100,1000;74,32;99,9999;100,3800;0;297;297 297,00;74,32;296 999,77;298 128,60;1 128,83;0,00;-297,23;0,00;8 984,25;30,25;ДУ-019;СССД_ЦБ
328;Росэксимбанк, 01;RU000A0JVYG8;16.01.2020;17.01.2020;BUY;1000,00;14 500;100,2500;3 997,47;99,9999;100,3800;0;14 500;14 536 250,00;3 997,47;14 499 988,61;14 555 100,00;55 111,39;0,00;-36 261,39;161 675,00;438 625,00;30,25;ДУ-019;СССД_ЦБ
329;Росэксимбанк, 01;RU000A0JVYG8;23.01.2020;24.01.2020;BUY;1000,00;68;100,4000;18,78;99,9999;100,3800;0;68;68 272,00;18,78;67 999,95;68 258,40;258,45;0,00;-272,05;848,64;2 057,00;30,25;ДУ-019;СССД_ЦБ
330;Росэксимбанк, 01;RU000A0JVYG8;23.01.2020;24.01.2020;BUY;1000,00;41 500;100,4900;11 468,42;99,9999;100,3800;0;41 500;41 703 350,00;11 468,42;41 499 967,41;41 657 700,00;157 732,59;0,00;-203 382,59;517 920,00;1 255 375,00;30,25;ДУ-019;СССД_ЦБ
331;Сбербанк России ПАО, 001Р-06R;RU000A0ZZ117;22.03.2019;22.03.2019;BUY;1000,00;129 328;95,2000;20 268,04;95,2000;102,4500;0;129 328;123 120 256,00;20 268,04;123 120 256,00;132 496 536,00;9 376 280,00;0,00;0,00;0,00;4 005 288,16;30,97;ДУ-001;СССД_ЦБ
332;Сбербанк России ПАО, 001Р-12R;RU000A0ZZBN9;26.12.2018;26.12.2018;BUY;1000,00;25 000;97,5000;5 456,25;97,5000;102,5100;0;25 000;24 375 000,00;5 456,25;24 375 000,00;25 627 500,00;1 252 500,00;0,00;0,00;0,00;426 750,00;17,07;ДУ-001;СССД_ЦБ
333;Сбербанк России ПАО, 001Р-12R;RU000A0ZZBN9;26.12.2018;26.12.2018;BUY;1000,00;5 000;97,5000;1 218,75;97,5000;102,5100;0;5 000;4 875 000,00;1 218,75;4 875 000,00;5 125 500,00;250 500,00;0,00;0,00;0,00;85 350,00;17,07;ДУ-001;СССД_ЦБ
334;СМП Банк, БО-01;RU000A0JVVK6;23.10.2015;23.10.2015;BUY;1000,00;4 000 000;100,0800;602 280,00;100,0000;100,1800;0;4 000 000;4 003 200 000,00;602 280,00;4 000 000 000,00;4 007 200 000,00;7 200 000,00;0,00;-3 200 000,00;0,00;4 880 000,00;1,22;ДУ-019;СССД_ЦБ
335;СМП Банк, БО-01;RU000A0JVVK6;23.10.2015;23.10.2015;BUY;1000,00;3 280 000;100,0800;494 193,60;100,0000;100,1800;0;3 280 000;3 282 624 000,00;494 193,60;3 280 000 000,00;3 285 904 000,00;5 904 000,00;0,00;-2 624 000,00;0,00;4 001 600,00;1,22;ДУ-019;СССД_ЦБ
336;СМП Банк, БО-01;RU000A0JVVK6;23.10.2015;23.10.2015;BUY;1000,00;2 720 000;100,0800;410 126,40;100,0000;100,1800;0;2 720 000;2 722 176 000,00;410 126,40;2 720 000 000,00;2 724 896 000,00;4 896 000,00;0,00;-2 176 000,00;0,00;3 318 400,00;1,22;ДУ-019;СССД_ЦБ
337;СМП Банк, БО-02;RU000A0JVVP5;26.10.2015;26.10.2015;BUY;1000,00;3 000 000;100,0800;452 160,00;100,0000;100,2100;0;3 000 000;3 002 400 000,00;452 160,00;3 000 000 000,00;3 006 300 000,00;6 300 000,00;0,00;-2 400 000,00;0,00;2 550 000,00;0,85;ДУ-019;СССД_ЦБ
338;СМП Банк, БО-02;RU000A0JVVP5;26.10.2015;26.10.2015;BUY;1000,00;1 340 000;100,0800;202 960,80;100,0000;100,2100;0;1 340 000;1 341 072 000,00;202 960,80;1 340 000 000,00;1 342 814 000,00;2 814 000,00;0,00;-1 072 000,00;0,00;1 139 000,00;0,85;ДУ-019;СССД_ЦБ
339;СМП Банк, БО-02;RU000A0JVVP5;26.10.2015;26.10.2015;BUY;1000,00;2 580 000;100,0800;389 109,60;100,0000;100,2100;0;2 580 000;2 582 064 000,00;389 109,60;2 580 000 000,00;2 585 418 000,00;5 418 000,00;0,00;-2 064 000,00;0,00;2 193 000,00;0,85;ДУ-019;СССД_ЦБ
340;СМП Банк, БО-02;RU000A0JVVP5;26.10.2015;26.10.2015;BUY;1000,00;3 080 000;100,0800;464 169,60;100,0000;100,2100;0;3 080 000;3 082 464 000,00;464 169,60;3 080 000 000,00;3 086 468 000,00;6 468 000,00;0,00;-2 464 000,00;0,00;2 618 000,00;0,85;ДУ-019;СССД_ЦБ
341;СМП Банк, БО-03;RU000A0JVVT7;27.10.2015;27.10.2015;BUY;1000,00;3 500 000;100,0800;527 220,00;100,0000;100,2100;0;3 500 000;3 502 800 000,00;527 220,00;3 500 000 000,00;3 507 350 000,00;7 350 000,00;0,00;-2 800 000,00;0,00;2 555 000,00;0,73;ДУ-019;СССД_ЦБ
342;СМП Банк, БО-03;RU000A0JVVT7;27.10.2015;27.10.2015;BUY;1000,00;4 500 000;100,0800;677 340,00;100,0000;100,2100;0;4 500 000;4 503 600 000,00;677 340,00;4 500 000 000,00;4 509 450 000,00;9 450 000,00;0,00;-3 600 000,00;0,00;3 285 000,00;0,73;ДУ-019;СССД_ЦБ
343;СМП Банк, БО-03;RU000A0JVVT7;27.10.2015;27.10.2015;BUY;1000,00;2 000 000;100,0800;302 040,00;100,0000;100,2100;0;2 000 000;2 001 600 000,00;302 040,00;2 000 000 000,00;2 004 200 000,00;4 200 000,00;0,00;-1 600 000,00;0,00;1 460 000,00;0,73;ДУ-019;СССД_ЦБ
344;Тамбовская Обл-35003-об;RU000A0JXVH8;24.09.2019;24.09.2019;BUY;1000,00;200 000;102,2000;51 099,99;100,0000;105,8700;0;200 000;204 400 000,00;51 099,99;200 000 000,00;211 740 000,00;11 740 000,00;0,00;-4 400 000,00;0,00;460 000,00;2,30;ДУ-001;СССД_ЦБ
345;Фольксваген Банк РУС, 001Р-02;RU000A0ZZGE7;26.09.2019;26.09.2019;BUY;1000,00;100 000;102,0300;17 104,51;100,0000;102,2900;0;100 000;102 030 000,00;17 104,51;100 000 000,00;102 290 000,00;2 290 000,00;0,00;-2 030 000,00;966 000,00;1 673 000,00;16,73;ДУ-001;СССД_ЦБ
346;Фольксваген Банк РУС, 001Р-02;RU000A0ZZGE7;26.09.2019;26.09.2019;BUY;1000,00;49 951;102,0000;12 737,51;100,0000;102,2900;0;49 951;50 950 020,00;12 737,51;49 951 000,00;51 094 877,90;1 143 877,90;0,00;-999 020,00;482 526,66;835 680,23;16,73;ДУ-001;СССД_ЦБ
347;Фольксваген Банк РУС, 001Р-02;RU000A0ZZGE7;26.09.2019;26.09.2019;BUY;1000,00;5;101,9900;1,27;100,0000;102,2900;0;5;5 099,50;1,27;5 000,00;5 114,50;114,50;0,00;-99,50;48,30;83,65;16,73;ДУ-001;СССД_ЦБ
348;Фольксваген Банк РУС, 001Р-02;RU000A0ZZGE7;26.09.2019;26.09.2019;BUY;1000,00;46 995;102,0000;11 983,72;100,0000;102,2900;0;46 995;47 934 900,00;11 983,72;46 995 000,00;48 071 185,50;1 076 185,50;0,00;-939 900,00;453 971,70;786 226,35;16,73;ДУ-001;СССД_ЦБ
349;Фольксваген Банк РУС, 001Р-02;RU000A0ZZGE7;27.09.2019;27.09.2019;BUY;1000,00;49 995;102,0000;12 748,73;100,0000;102,2900;0;49 995;50 994 900,00;12 748,73;49 995 000,00;51 139 885,50;1 144 885,50;0,00;-999 900,00;494 950,50;836 416,35;16,73;ДУ-001;СССД_ЦБ
350;Фольксваген Банк РУС, 001Р-02;RU000A0ZZGE7;30.09.2019;30.09.2019;BUY;1000,00;19 000;102,0000;4 845,00;100,0000;102,2900;0;19 000;19 380 000,00;4 845,00;19 000 000,00;19 435 100,00;435 100,00;0,00;-380 000,00;201 400,00;317 870,00;16,73;ДУ-001;СССД_ЦБ
351;Фольксваген Банк РУС, 001Р-02;RU000A0ZZGE7;27.11.2019;28.11.2019;BUY;1000,00;50 000;102,7800;14 132,25;100,0000;102,2900;0;50 000;51 390 000,00;14 132,25;50 000 000,00;51 145 000,00;1 145 000,00;0,00;-1 390 000,00;1 225 000,00;836 500,00;16,73;ДУ-001;СССД_ЦБ
352;Фольксваген Банк РУС, 001Р-02;RU000A0ZZGE7;28.11.2019;28.11.2019;BUY;1000,00;40 000;102,8000;7 968,00;100,0000;102,2900;0;40 000;41 120 000,00;7 968,00;40 000 000,00;40 916 000,00;916 000,00;0,00;-1 120 000,00;980 000,00;669 200,00;16,73;ДУ-001;СССД_ЦБ
353;Фольксваген Банк РУС, 001Р-02;RU000A0ZZGE7;28.11.2019;29.11.2019;BUY;1000,00;281;102,7000;79,36;100,0000;102,2900;0;281;288 587,00;79,36;281 000,00;287 434,90;6 434,90;0,00;-7 587,00;6 951,94;4 701,13;16,73;ДУ-001;СССД_ЦБ
354;Фольксваген Банк РУС, 001Р-02;RU000A0ZZGE7;13.02.2020;13.02.2020;BUY;1000,00;25 000;103,3000;5 673,75;100,0000;102,2900;0;25 000;25 825 000,00;5 673,75;25 000 000,00;25 572 500,00;572 500,00;0,00;-825 000,00;1 066 250,00;418 250,00;16,73;ДУ-001;СССД_ЦБ
355;Фольксваген Банк РУС, 001Р-02;RU000A0ZZGE7;17.02.2020;18.02.2020;BUY;1000,00;2;103,1300;0,57;100,0000;102,2900;0;2;2 062,60;0,57;2 000,00;2 045,80;45,80;0,00;-62,60;1,42;33,46;16,73;ДУ-001;СССД_ЦБ
356;Фольксваген Банк РУС, 001Р-03;RU000A1003L1;13.02.2019;13.02.2019;BUY;1000,00;140 000;100,0000;38 500,00;100,0000;103,7926;0;140 000;140 000 000,00;38 500,00;140 000 000,00;145 309 699,25;5 309 699,25;0,00;0,00;0,00;2 458 400,00;17,56;ДУ-001;СССД_ЦБ
357;Фольксваген Банк РУС, 001Р-03;RU000A1003L1;05.09.2019;05.09.2019;BUY;1000,00;129 020;102,9800;21 729,72;100,0000;103,7926;0;129 020;132 864 796,00;21 729,72;129 020 000,00;133 913 267,13;4 893 267,13;0,00;-3 844 796,00;660 582,40;2 265 591,20;17,56;ДУ-001;СССД_ЦБ
358;Фольксваген Банк РУС, 001Р-03;RU000A1003L1;23.09.2019;23.09.2019;BUY;1000,00;375 000;103,0000;59 737,50;100,0000;103,7926;0;375 000;386 250 000,00;59 737,50;375 000 000,00;389 222 408,71;14 222 408,71;0,00;-11 250 000,00;3 566 250,00;6 585 000,00;17,56;ДУ-001;СССД_ЦБ
359;Фольксваген Банк РУС, 001Р-03;RU000A1003L1;17.02.2020;17.02.2020;BUY;1000,00;30 000;104,7500;6 513,75;100,0000;103,7926;0;30 000;31 425 000,00;6 513,75;30 000 000,00;31 137 792,70;1 137 792,70;0,00;-1 425 000,00;21 900,00;526 800,00;17,56;ДУ-001;СССД_ЦБ
360;Фольксваген Банк РУС, 001Р-03;RU000A1003L1;17.02.2020;18.02.2020;BUY;1000,00;1 000;104,7500;288,06;100,0000;103,7926;0;1 000;1 047 500,00;288,06;1 000 000,00;1 037 926,42;37 926,42;0,00;-47 500,00;980,00;17 560,00;17,56;ДУ-001;СССД_ЦБ
361;Фольксваген Банк РУС, 001Р-03;RU000A1003L1;19.02.2020;19.02.2020;BUY;1000,00;50 000;104,7500;9 656,25;100,0000;103,7926;0;50 000;52 375 000,00;9 656,25;50 000 000,00;51 896 321,16;1 896 321,16;0,00;-2 375 000,00;61 000,00;878 000,00;17,56;ДУ-001;СССД_ЦБ
362;Фольксваген Банк РУС, 001Р-03;RU000A1003L1;19.02.2020;20.02.2020;BUY;1000,00;2 000;104,7500;576,13;100,0000;103,7926;0;2 000;2 095 000,00;576,13;2 000 000,00;2 075 852,85;75 852,85;0,00;-95 000,00;2 920,00;35 120,00;17,56;ДУ-001;СССД_ЦБ
363;Фольксваген Банк РУС, 001Р-03;RU000A1003L1;19.02.2020;20.02.2020;BUY;1000,00;27 000;104,7500;7 777,69;100,0000;103,7926;0;27 000;28 282 500,00;7 777,69;27 000 000,00;28 024 013,43;1 024 013,43;0,00;-1 282 500,00;39 420,00;474 120,00;17,56;ДУ-001;СССД_ЦБ
364;Фольксваген Банк РУС, 001Р-03;RU000A1003L1;21.02.2020;25.02.2020;BUY;1000,00;21 000;104,7500;6 049,32;100,0000;103,7926;0;21 000;21 997 500,00;6 049,32;21 000 000,00;21 796 454,89;796 454,89;0,00;-997 500,00;56 280,00;368 760,00;17,56;ДУ-001;СССД_ЦБ
365;Фольксваген Банк РУС, 001Р-03;RU000A1003L1;25.02.2020;26.02.2020;BUY;1000,00;1 000;104,7400;288,03;100,0000;103,7926;0;1 000;1 047 400,00;288,03;1 000 000,00;1 037 926,42;37 926,42;0,00;-47 400,00;2 930,00;17 560,00;17,56;ДУ-001;СССД_ЦБ
366;Фольксваген Банк РУС, 001Р-03;RU000A1003L1;26.02.2020;26.02.2020;BUY;1000,00;13 000;104,6500;3 401,12;100,0000;103,7926;0;13 000;13 604 500,00;3 401,12;13 000 000,00;13 493 043,50;493 043,50;0,00;-604 500,00;38 090,00;228 280,00;17,56;ДУ-001;СССД_ЦБ
367;Фольксваген Банк РУС, 001Р-03;RU000A1003L1;26.02.2020;27.02.2020;BUY;1000,00;104;104,6500;29,93;100,0000;103,7926;0;104;108 836,00;29,93;104 000,00;107 944,35;3 944,35;0,00;-4 836,00;329,68;1 826,24;17,56;ДУ-001;СССД_ЦБ
368;Фольксваген Банк РУС, 001Р-03;RU000A1003L1;02.04.2020;02.04.2020;BUY;1000,00;150 000;101,4000;24 614,99;100,0000;103,7926;0;150 000;152 100 000,00;24 614,99;150 000 000,00;155 688 963,49;5 688 963,49;0,00;-2 100 000,00;1 755 000,00;2 634 000,00;17,56;ДУ-001;СССД_ЦБ
369;Фольксваген Банк РУС, 001Р-03;RU000A1003L1;02.04.2020;02.04.2020;BUY;1000,00;15 010;101,4000;3 805,04;100,0000;103,7926;0;15 010;15 220 140,00;3 805,04;15 010 000,00;15 579 275,61;569 275,61;0,00;-210 140,00;175 617,00;263 575,60;17,56;ДУ-001;СССД_ЦБ
370;Фольксваген Банк РУС, 001Р-03;RU000A1003L1;02.04.2020;02.04.2020;BUY;1000,00;19 990;101,4000;4 840,48;100,0000;103,7926;0;19 990;20 269 860,00;4 840,48;19 990 000,00;20 748 149,20;758 149,20;0,00;-279 860,00;233 883,00;351 024,40;17,56;ДУ-001;СССД_ЦБ
371;Фольксваген Банк РУС, 001Р-03;RU000A1003L1;02.04.2020;02.04.2020;BUY;1000,00;15 000;101,4000;3 802,51;100,0000;103,7926;0;15 000;15 210 000,00;3 802,51;15 000 000,00;15 568 896,35;568 896,35;0,00;-210 000,00;175 500,00;263 400,00;17,56;ДУ-001;СССД_ЦБ
372;Фольксваген Банк РУС, 001Р-03;RU000A1003L1;03.04.2020;03.04.2020;BUY;1000,00;32 481;101,4000;6 740,35;100,0000;103,7926;0;32 481;32 935 734,00;6 740,35;32 481 000,00;33 712 888,15;1 231 888,15;0,00;-454 734,00;388 147,95;570 366,36;17,56;ДУ-001;СССД_ЦБ
373;Фольксваген Банк РУС, 001Р-03;RU000A1003L1;09.04.2020;10.04.2020;BUY;1000,00;3;102,6500;0,84;100,0000;103,7926;0;3;3 079,50;0,84;3 000,00;3 113,78;113,78;0,00;-79,50;40,95;52,68;17,56;ДУ-001;СССД_ЦБ
374;Фольксваген Банк РУС, 001Р-03;RU000A1003L1;10.04.2020;10.04.2020;BUY;1000,00;25 000;102,7600;5 653,50;100,0000;103,7926;0;25 000;25 690 000,00;5 653,50;25 000 000,00;25 948 160,58;948 160,58;0,00;-690 000,00;341 250,00;439 000,00;17,56;ДУ-001;СССД_ЦБ
375;Фольксваген Банк РУС, 001Р-03;RU000A1003L1;10.04.2020;10.04.2020;BUY;1000,00;10 000;102,7600;2 569,00;100,0000;103,7926;0;10 000;10 276 000,00;2 569,00;10 000 000,00;10 379 264,23;379 264,23;0,00;-276 000,00;136 500,00;175 600,00;17,56;ДУ-001;СССД_ЦБ
376;Фольксваген Банк РУС, 001Р-03;RU000A1003L1;10.04.2020;10.04.2020;BUY;1000,00;44 356;102,7600;8 637,03;100,0000;103,7926;0;44 356;45 580 225,60;8 637,03;44 356 000,00;46 038 264,43;1 682 264,43;0,00;-1 224 225,60;605 459,40;778 891,36;17,56;ДУ-001;СССД_ЦБ
377;Фольксваген Банк РУС, 001Р-03;RU000A1003L1;10.04.2020;10.04.2020;BUY;1000,00;20 644;102,7600;4 982,07;100,0000;103,7926;0;20 644;21 213 774,40;4 982,07;20 644 000,00;21 426 953,08;782 953,08;0,00;-569 774,40;281 790,60;362 508,64;17,56;ДУ-001;СССД_ЦБ
378;Фольксваген Банк РУС, 001Р-03;RU000A1003L1;01.09.2020;01.09.2020;BUY;1000,00;108 000;104,6800;15 366,53;100,0000;103,7926;0;108 000;113 054 400,00;15 366,53;108 000 000,00;112 096 053,71;4 096 053,71;0,00;-5 054 400,00;448 200,00;1 896 480,00;17,56;ДУ-001;СССД_ЦБ
379;Фольксваген Банк РУС, 001Р-03;RU000A1003L1;01.09.2020;02.09.2020;BUY;1000,00;1;104,3900;0,27;100,0000;103,7926;0;1;1 043,90;0,27;1 000,00;1 037,93;37,93;0,00;-43,90;4,39;17,56;17,56;ДУ-001;СССД_ЦБ
380;Фольксваген Банк РУС, 001Р-03;RU000A1003L1;01.09.2020;02.09.2020;BUY;1000,00;437;104,4000;111,78;100,0000;103,7926;0;437;456 228,00;111,78;437 000,00;453 573,85;16 573,85;0,00;-19 228,00;1 918,43;7 673,72;17,56;ДУ-001;СССД_ЦБ
381;Ярославская область, 35016;RU000A0ZZEM5;30.07.2018;30.07.2018;BUY;1000,00;172 499;100,0000;47 437,23;99,9910;102,7800;0;172 499;172 499 000,00;47 437,23;172 483 458,06;177 294 472,20;4 811 014,14;0,00;-15 541,94;0,00;1 090 193,68;6,32;ДУ-001;СССД_ЦБ
382;Ярославская область, 35016;RU000A0ZZEM5;16.07.2019;16.07.2019;BUY;1000,00;3 997;99,7700;996,95;99,9910;102,7800;0;3 997;3 987 806,90;996,95;3 996 639,88;4 108 116,60;111 476,72;0,00;8 832,98;0,00;25 261,04;6,32;ДУ-001;СССД_ЦБ
383;Ярославская область, 35016;RU000A0ZZEM5;16.07.2019;16.07.2019;BUY;1000,00;3;99,8400;0,75;99,9910;102,7800;0;3;2 995,20;0,75;2 999,73;3 083,40;83,67;0,00;4,53;0,00;18,96;6,32;ДУ-001;СССД_ЦБ
384;Ярославская область, 35016;RU000A0ZZEM5;16.07.2019;16.07.2019;BUY;1000,00;3 997;99,8500;997,84;99,9910;102,7800;0;3 997;3 991 004,50;997,84;3 996 639,88;4 108 116,60;111 476,72;0,00;5 635,38;0,00;25 261,04;6,32;ДУ-001;СССД_ЦБ
385;Ярославская область, 35016;RU000A0ZZEM5;16.07.2019;16.07.2019;BUY;1000,00;1 000;99,8500;249,62;99,9910;102,7800;0;1 000;998 500,00;249,62;999 909,90;1 027 800,00;27 890,10;0,00;1 409,90;0,00;6 320,00;6,32;ДУ-001;СССД_ЦБ
386;Ярославская область, 35016;RU000A0ZZEM5;31.07.2019;31.07.2019;BUY;1000,00;3 783;100,0400;946,13;99,9910;102,7800;0;3 783;3 784 513,20;946,13;3 782 659,16;3 888 167,40;105 508,24;0,00;-1 854,04;0,00;23 908,56;6,32;ДУ-001;СССД_ЦБ
387;Ярославская область, 35017;RU000A100PR6;12.08.2019;12.08.2019;BUY;1000,00;81 000;100,0000;22 275,01;100,0000;102,8300;0;81 000;81 000 000,00;22 275,01;81 000 000,00;83 292 300,00;2 292 300,00;0,00;0,00;0,00;476 280,00;5,88;ДУ-001;СССД_ЦБ
